Transaction_ID,Customer_ID,Customer_Name,Customer_Email,Gender,Province,Order_Date,Load_Timestamp,Product_Category,Quantity,Unit_Price,Discount_Rate,Transaction_Amount,Payment_Method,Order_Status,Is_Promotion,Customer_Email_Was_Missing,Province_Was_Missing,Customer_Email_Filled_From_Reference,Province_Filled_From_Reference,Order_Date_Raw,Order_Date_Parse_Method,Order_Date_Was_Imputed,Customer_Name_Normalized,Quantity_Was_Invalid,Expected_Amount,Amount_Difference,Accuracy_Flag,Amount_Was_Negative,Amount_Looks_Like_Sentinel,Status_Was_Invalid,Transaction_Amount_Before_Capping,Outlier_Flag_Before_Capping,Amount_Was_Capped,Load_Delay_Hours,Timeliness_Status
T000127,C0103,Tee Phromla,tee.phromla103@example.com,F,Phuket,2026-06-11,2026-06-11 05:00:00,Sports,3,110.26,0.05,314.24,PromptPay,Cancelled,N,False,False,False,False,2026-06-11,ISO_UNAMBIGUOUS,False,Tee Phromla,False,314.24,0.0,False,False,False,False,314.24,False,False,5.0,On Time
T000169,C0138,Mint Dechawat,mint.dechawat138@example.com,M,Khon Kaen,2026-01-24,2026-01-24 01:00:00,Home,3,138.08,0.05,393.53,PromptPay,Processing,N,False,False,False,False,2026-01-24,ISO_UNAMBIGUOUS,False,Mint Dechawat,False,393.53,0.0,False,False,False,False,393.53,False,False,1.0,On Time
T000003,C0071,Aom Sukjai,aom.sukjai71@example.com,M,Chanthaburi,2026-05-29,2026-05-29 05:00:00,Home,4,263.93,0.0,1055.72,Cash on Delivery,Cancelled,N,False,False,False,False,05/29/2026,RESOLVED_BY_CALENDAR (MM/DD/YYYY),False,Aom Sukjai,False,1055.72,0.0,False,False,False,False,1055.72,False,False,5.0,On Time
T000336,C0152,Tee Dechawat,tee.dechawat152@example.com,M,Chanthaburi,2026-02-01,2026-02-01 18:00:00,Food,6,116.53,0.1,629.26,Bank Transfer,Returned,N,False,False,False,False,02/01/2026,RESOLVED_BY_LOAD_TS (MM/DD/YYYY),False,Tee Dechawat,False,629.26,0.0,False,False,False,False,629.26,False,False,18.0,On Time
T000093,C0090,Mook Sukjai,mook.sukjai90@example.com,M,Chanthaburi,2026-04-18,2026-04-18 13:00:00,Electronics,5,358.35,0.0,1791.75,PromptPay,Processing,N,False,False,False,False,2026-04-18,ISO_UNAMBIGUOUS,False,Mook Sukjai,False,1791.75,0.0,False,False,False,False,1791.75,False,False,13.0,On Time
T000440,C0038,Boss Kittikul,boss.kittikul38@example.com,F,Nakhon Ratchasima,2026-02-23,2026-02-23 05:00:00,Sports,6,142.14,0.0,852.84,Credit Card,Processing,N,False,False,False,False,2026-02-23,ISO_UNAMBIGUOUS,False,Boss Kittikul,False,852.84,0.0,False,False,False,False,852.84,False,False,5.0,On Time
T000419,C0147,Film Chaiyo,film.chaiyo147@example.com,M,Chiang Mai,2026-06-01,2026-06-01 10:00:00,Fashion,2,334.89,0.0,669.78,Bank Transfer,Processing,N,False,False,False,False,2026-06-01,ISO_UNAMBIGUOUS,False,Film Chaiyo,False,669.78,0.0,False,False,False,False,669.78,False,False,10.0,On Time
T000307,C0018,Nont Chaiyo,nont.chaiyo18@example.com,M,Phuket,2026-02-06,2026-02-06 13:00:00,Home,4,484.67,0.0,1891.04,Bank Transfer,Completed,N,False,False,False,False,02/06/2026,RESOLVED_BY_LOAD_TS (MM/DD/YYYY),False,Nont Chaiyo,False,1938.68,-47.64,True,False,False,False,1891.04,False,False,13.0,On Time
T000438,C0073,May Lertprasert,may.lertprasert73@example.com,M,Bangkok,2026-02-26,2026-02-26 09:00:00,Sports,6,238.93,0.1,1290.22,Bank Transfer,Processing,N,False,False,False,False,2026-02-26,ISO_UNAMBIGUOUS,False,May Lertprasert,False,1290.22,0.0,False,False,False,False,1290.22,False,False,9.0,On Time
T000544,C0103,Tee Phromla,tee.phromla103@example.com,F,Phuket,2026-04-25,2026-04-25 03:00:00,Beauty,5,68.77,0.05,326.66,Bank Transfer,Returned,Y,False,False,False,False,2026-04-25,ISO_UNAMBIGUOUS,False,Tee Phromla,False,326.66,0.0,False,False,False,False,326.66,False,False,3.0,On Time
T000141,C0116,Boss Wongsa,boss.wongsa116@example.com,F,Chonburi,2026-06-19,2026-06-19 06:00:00,Food,4,98.35,0.0,393.4,Credit Card,Cancelled,N,False,False,False,False,31/02/2026,IMPUTED_FROM_LOAD_TS,True,Boss Wongsa,False,393.4,0.0,False,False,False,True,393.4,False,False,6.0,On Time
T000476,C0081,Film Srisawat,film.srisawat81@example.com,M,Chonburi,2026-03-20,2026-03-20 09:00:00,Food,4,432.12,0.0,1728.48,Bank Transfer,Processing,N,False,False,False,False,03/20/2026,RESOLVED_BY_CALENDAR (MM/DD/YYYY),False,Film Srisawat,False,1728.48,0.0,False,False,False,False,1728.48,False,False,9.0,On Time
T000433,C0007,Jane Saelim,jane.saelim7@example.com,M,Chiang Mai,2026-02-11,2026-02-11 17:00:00,Food,6,225.36,0.05,1284.55,PromptPay,Processing,Y,False,False,False,False,2026-02-11,ISO_UNAMBIGUOUS,False,Jane Saelim,False,1284.55,0.0,False,False,False,False,1284.55,False,False,17.0,On Time
T000589,C0029,Aom Pattanakul,aom.pattanakul29@example.com,F,Bangkok,2026-03-21,2026-03-21 08:00:00,Food,6,131.69,0.05,750.63,Cash on Delivery,Completed,N,False,False,False,False,2026-03-21,ISO_UNAMBIGUOUS,False,Aom Pattanakul,False,750.63,0.0,False,False,False,False,750.63,False,False,8.0,On Time
T000565,C0086,Korn Dechawat,korn.dechawat86@example.com,F,Nakhon Ratchasima,2026-05-26,2026-05-26 10:00:00,Electronics,5,83.16,0.0,415.8,Credit Card,Returned,N,False,False,False,False,2026-05-26,ISO_UNAMBIGUOUS,False,Korn Dechawat,False,415.8,0.0,False,False,False,False,415.8,False,False,10.0,On Time
T000598,C0060,Tee Maneerat,tee.maneerat60@example.com,M,Rayong,2026-04-07,2026-04-07 10:00:00,Sports,4,486.91,0.05,1850.26,Credit Card,Completed,N,False,False,False,False,2026-04-07,ISO_UNAMBIGUOUS,False,Tee Maneerat,False,1850.26,0.0,False,False,False,False,1850.26,False,False,10.0,On Time
T000277,C0085,Aom Thongdee,aom.thongdee85@example.com,F,Chiang Mai,2026-02-11,2026-02-11 12:00:00,Food,3,282.28,0.05,804.5,Cash on Delivery,Completed,N,False,False,False,False,2026/02/11,ISO_UNAMBIGUOUS,False,Aom Thongdee,False,804.5,0.0,False,False,False,False,804.5,False,False,12.0,On Time
T000344,C0116,Boss Wongsa,boss.wongsa116@example.com,F,Chonburi,2026-01-14,2026-01-14 07:00:00,Sports,3,202.84,0.0,608.52,Credit Card,Processing,N,False,False,False,False,2026-01-14,ISO_UNAMBIGUOUS,False,Boss Wongsa,False,608.52,0.0,False,False,False,False,608.52,False,False,7.0,On Time
T000129,C0079,Mook Srisawat,mook.srisawat79@example.com,F,Chanthaburi,2026-04-15,2026-04-15 11:00:00,Electronics,3,105.51,0.1,284.88,PromptPay,Cancelled,N,False,False,False,False,2026-04-15,ISO_UNAMBIGUOUS,False,Mook Srisawat,False,284.88,0.0,False,False,False,False,284.88,False,False,11.0,On Time
T000044,C0173,Tee Wongsa,tee.wongsa173@example.com,M,Phuket,2026-01-26,2026-01-26 02:00:00,Beauty,5,273.16,0.2,1092.64,Cash on Delivery,Completed,N,False,False,False,False,26-01-2026,RESOLVED_BY_CALENDAR (DD/MM/YYYY),False,Tee Wongsa,False,1092.64,0.0,False,False,False,False,1092.64,False,False,2.0,On Time
T000293,C0076,Pim Phromla,pim.phromla76@example.com,M,Chanthaburi,2026-02-18,2026-02-20 01:00:00,Electronics,6,297.28,0.05,1694.5,Bank Transfer,Processing,N,False,False,False,False,2026-02-18,ISO_UNAMBIGUOUS,False,Pim Phromla,False,1694.5,0.0,False,False,False,False,1694.5,False,False,49.0,Late
T000146,C0132,Fah Saelim,fah.saelim132@example.com,M,Khon Kaen,2026-01-16,2026-01-16 02:00:00,Food,3,119.99,0.1,323.97,PromptPay,Returned,N,False,False,False,False,2026-01-16,ISO_UNAMBIGUOUS,False,Fah Saelim,False,323.97,0.0,False,False,False,False,323.97,False,False,2.0,On Time
T000559,C0038,Boss Kittikul,boss.kittikul38@example.com,F,Nakhon Ratchasima,2026-05-19,2026-05-19 03:00:00,Electronics,4,385.46,0.05,1407.15,Bank Transfer,Returned,N,False,False,False,False,05/19/2026,RESOLVED_BY_CALENDAR (MM/DD/YYYY),False,Boss Kittikul,False,1464.75,-57.6,True,False,False,False,1407.15,False,False,3.0,On Time
T000082,C0145,Tee Srisawat,tee.srisawat145@example.com,M,Nakhon Ratchasima,2026-02-22,2026-02-22 17:00:00,Electronics,4,213.82,0.0,855.28,Cash on Delivery,Processing,N,False,False,False,False,2026/02/22,ISO_UNAMBIGUOUS,False,Tee Srisawat,False,855.28,0.0,False,False,False,False,855.28,False,False,17.0,On Time
T000368,C0179,Jane Chaiyo,jane.chaiyo179@example.com,F,Chanthaburi,2026-04-12,2026-04-12 01:00:00,Electronics,6,147.75,0.0,886.5,PromptPay,Processing,N,False,False,False,False,12-04-2026,RESOLVED_BY_LOAD_TS (DD/MM/YYYY),False,Jane Chaiyo,False,886.5,0.0,False,False,False,False,886.5,False,False,1.0,On Time
T000353,C0109,Jane Thongdee,jane.thongdee109@example.com,F,Bangkok,2026-04-16,2026-04-16 04:00:00,Electronics,6,143.3,0.0,859.8,PromptPay,Cancelled,N,True,False,True,False,2026-04-16,ISO_UNAMBIGUOUS,False,Jane Thongdee,False,859.8,0.0,False,False,False,False,859.8,False,False,4.0,On Time
T000505,C0173,Tee Wongsa,tee.wongsa173@example.com,M,Phuket,2026-04-14,2026-04-14 17:00:00,Beauty,5,258.8,0.0,1294.0,Credit Card,Processing,N,False,False,False,False,14/04/2026,RESOLVED_BY_CALENDAR (DD/MM/YYYY),False,Tee Wongsa,False,1294.0,0.0,False,False,False,False,1294.0,False,False,17.0,On Time
T000571,C0085,Aom Thongdee,aom.thongdee85@example.com,F,Chiang Mai,2026-01-17,2026-01-20 13:00:00,Food,4,236.68,0.0,946.72,Cash on Delivery,Completed,N,False,False,False,False,17-01-2026,RESOLVED_BY_CALENDAR (DD/MM/YYYY),False,Aom Thongdee,False,946.72,0.0,False,False,False,False,946.72,False,False,85.0,Late
T000599,C0039,Beam Boonmee,beam.boonmee39@example.com,M,Rayong,2026-01-01,2026-01-01 07:00:00,Sports,1,470.07,0.15,318.43,Credit Card,Returned,N,False,False,False,False,2026-01-01,ISO_UNAMBIGUOUS,False,Beam Boonmee,False,399.56,-81.13,True,False,False,False,318.43,False,False,7.0,On Time
T000074,C0022,Film Kittikul,film.kittikul22@example.com,F,Nakhon Ratchasima,2026-06-12,2026-06-12 08:00:00,Beauty,6,166.19,0.1,897.43,PromptPay,Returned,Y,False,False,False,False,2026-06-12,ISO_UNAMBIGUOUS,False,Film Kittikul,False,897.43,0.0,False,False,False,False,897.43,False,False,8.0,On Time
T000205,C0134,Pim Wongsa,pim.wongsa134@example.com,M,Chanthaburi,2026-06-28,2026-06-28 16:00:00,Food,6,247.3,0.0,1483.8,Cash on Delivery,Cancelled,N,True,False,True,False,2026-06-28,ISO_UNAMBIGUOUS,False,Pim Wongsa,False,1483.8,0.0,False,False,False,False,1483.8,False,False,16.0,On Time
T000070,C0062,Beam Rattanakul,beam.rattanakul62@example.com,M,Bangkok,2026-03-31,2026-03-31 08:00:00,Beauty,6,210.09,0.0,1260.54,Credit Card,Completed,N,True,False,True,False,31-03-2026,RESOLVED_BY_CALENDAR (DD/MM/YYYY),False,Beam Rattanakul,False,1260.54,0.0,False,False,False,False,1260.54,False,False,8.0,On Time
T000130,C0093,Bank Thongdee,bank.thongdee93@example.com,F,Khon Kaen,2026-01-06,2026-01-06 08:00:00,Sports,3,162.6,0.1,439.02,PromptPay,Cancelled,N,False,False,False,False,06-01-2026,RESOLVED_BY_LOAD_TS (DD/MM/YYYY),False,Bank Thongdee,False,439.02,0.0,False,False,False,False,439.02,False,False,8.0,On Time
T000411,C0056,Mint Maneerat,mint.maneerat56@example.com,M,Rayong,2026-01-09,2026-01-09 11:00:00,Beauty,5,268.07,0.0,1340.35,PromptPay,Cancelled,N,False,False,False,False,09-01-2026,RESOLVED_BY_LOAD_TS (DD/MM/YYYY),False,Mint Maneerat,False,1340.35,0.0,False,False,False,False,1340.35,False,False,11.0,On Time
T900007,C0149,May Pattanakul,may.pattanakul149@example.com,F,Chiang Mai,2026-04-03,2026-04-03 17:00:00,Fashion,2,218.01,0.1,392.42,Bank Transfer,Returned,N,False,False,False,False,31/02/2026,IMPUTED_FROM_LOAD_TS,True,May Pattanakul,False,392.42,0.0,False,False,False,False,392.42,False,False,17.0,On Time
T000116,C0145,Tee Srisawat,tee.srisawat145@example.com,M,Nakhon Ratchasima,2026-05-25,2026-05-25 06:00:00,Beauty,4,340.01,0.05,1292.04,Bank Transfer,Unknown,N,False,False,False,False,05/25/2026,RESOLVED_BY_CALENDAR (MM/DD/YYYY),False,Tee Srisawat,False,1292.04,0.0,False,False,False,True,1292.04,False,False,6.0,On Time
T000548,C0053,Jane Pattanakul,jane.pattanakul53@example.com,M,Nakhon Ratchasima,2026-01-08,2026-01-08 02:00:00,Beauty,4,77.7,0.0,310.8,Credit Card,Cancelled,N,False,False,False,False,08/01/2026,RESOLVED_BY_LOAD_TS (DD/MM/YYYY),False,Jane Pattanakul,False,310.8,0.0,False,False,False,False,310.8,False,False,2.0,On Time
T000211,C0150,Mook Chaiyo,mook.chaiyo150@example.com,F,Chiang Mai,2026-04-30,2026-04-30 05:00:00,Food,5,76.96,0.0,384.8,Credit Card,Cancelled,N,False,False,False,False,2026-04-30,ISO_UNAMBIGUOUS,False,Mook Chaiyo,False,384.8,0.0,False,False,False,False,384.8,False,False,5.0,On Time
T000558,C0033,Pim Srisawat,pim.srisawat33@example.com,M,Rayong,2026-06-27,2026-06-27 14:00:00,Electronics,2,89.22,0.0,115.33,Credit Card,Returned,N,False,False,False,False,2026-06-27,ISO_UNAMBIGUOUS,False,Pim Srisawat,False,178.44,-63.11,True,False,False,False,115.33,False,False,14.0,On Time
T000531,C0125,May Lertprasert,may.lertprasert125@example.com,F,Rayong,2026-01-10,2026-01-10 10:00:00,Sports,1,103.51,0.15,87.98,PromptPay,Returned,N,False,False,False,False,2026-01-10,ISO_UNAMBIGUOUS,False,May Lertprasert,False,87.98,0.0,False,False,False,False,87.98,False,False,10.0,On Time
T000250,C0011,Mint Rattanakul,mint.rattanakul11@example.com,F,Chanthaburi,2026-02-04,2026-02-04 19:00:00,Food,5,231.48,0.15,983.79,Cash on Delivery,Returned,N,False,False,False,False,02/04/2026,RESOLVED_BY_LOAD_TS (MM/DD/YYYY),False,Mint Rattanakul,False,983.79,0.0,False,False,False,False,983.79,False,False,19.0,On Time
T000179,C0034,Fah Pattanakul,fah.pattanakul34@example.com,M,Chiang Mai,2026-02-23,2026-02-23 15:00:00,Sports,6,87.78,0.0,526.68,Credit Card,Cancelled,N,False,False,False,False,2026/02/23,ISO_UNAMBIGUOUS,False,Fah Pattanakul,False,526.68,0.0,False,False,False,False,526.68,False,False,15.0,On Time
T000105,C0086,Korn Dechawat,korn.dechawat86@example.com,F,Nakhon Ratchasima,2026-05-07,2026-05-07 08:00:00,Food,2,79.14,0.0,158.28,Credit Card,Processing,N,False,False,False,False,2026-05-07,ISO_UNAMBIGUOUS,False,Korn Dechawat,False,158.28,0.0,False,False,False,False,158.28,False,False,8.0,On Time
T000462,C0085,Aom Thongdee,aom.thongdee85@example.com,F,Chiang Mai,2026-06-25,2026-06-25 18:00:00,Beauty,1,137.25,0.1,123.53,Cash on Delivery,Cancelled,N,False,True,False,True,06/25/2026,RESOLVED_BY_CALENDAR (MM/DD/YYYY),False,Aom Thongdee,False,123.52,0.01,False,False,False,False,123.53,False,False,18.0,On Time
T000441,C0016,Korn Lertprasert,korn.lertprasert16@example.com,M,Khon Kaen,2026-03-01,2026-03-01 13:00:00,Sports,2,211.65,0.15,359.81,Credit Card,Cancelled,N,False,True,False,True,2026/03/01,ISO_UNAMBIGUOUS,False,Korn Lertprasert,False,359.8,0.01,False,False,False,False,359.81,False,False,13.0,On Time
T000118,C0024,Fah Boonmee,fah.boonmee24@example.com,F,Bangkok,2026-06-22,2026-06-22 01:00:00,Electronics,5,198.5,0.05,942.88,Cash on Delivery,Completed,N,False,False,False,False,2026-06-22,ISO_UNAMBIGUOUS,False,Fah Boonmee,False,942.88,0.0,False,False,False,False,942.88,False,False,1.0,On Time
T000050,C0122,Anan Wongsa,anan.wongsa122@example.com,M,Chanthaburi,2026-02-27,2026-02-27 15:00:00,Food,6,188.54,0.05,1074.68,PromptPay,Completed,N,False,False,False,False,02/27/2026,RESOLVED_BY_CALENDAR (MM/DD/YYYY),False,Anan Wongsa,False,1074.68,0.0,False,False,False,False,1074.68,False,False,15.0,On Time
T000253,C0149,May Pattanakul,may.pattanakul149@example.com,F,Unknown,2026-04-21,2026-04-21 14:00:00,Electronics,6,166.88,0.15,851.09,Bank Transfer,Returned,N,False,True,False,False,2026-04-21,ISO_UNAMBIGUOUS,False,May Pattanakul,False,851.09,0.0,False,False,False,False,851.09,False,False,14.0,On Time
T000479,C0133,Gun Kittikul,gun.kittikul133@example.com,F,Phuket,2026-05-28,2026-05-28 11:00:00,Home,6,98.7,0.1,382.34,PromptPay,Returned,N,True,False,True,False,05/28/2026,RESOLVED_BY_CALENDAR (MM/DD/YYYY),False,Gun Kittikul,False,532.98,-150.64,True,False,False,False,382.34,False,False,11.0,On Time
T000139,C0044,Gun Phromla,gun.phromla44@example.com,F,Chonburi,2026-05-24,2026-05-24 19:00:00,Electronics,4,172.46,0.15,586.36,PromptPay,Cancelled,N,False,False,False,False,24-05-2026,RESOLVED_BY_CALENDAR (DD/MM/YYYY),False,Gun Phromla,False,586.36,0.0,False,False,False,False,586.36,False,False,19.0,On Time
T000300,C0176,Ploy Boonmee,ploy.boonmee176@example.com,M,Chanthaburi,2026-02-19,2026-02-19 17:00:00,Fashion,1,666.44,0.1,599.8,Bank Transfer,Completed,N,False,False,False,False,2026-02-19,ISO_UNAMBIGUOUS,False,Ploy Boonmee,False,599.8,0.0,False,False,False,False,599.8,False,False,17.0,On Time
T000510,C0016,Korn Lertprasert,korn.lertprasert16@example.com,M,Khon Kaen,2026-02-12,2026-02-12 18:00:00,Beauty,3,116.82,0.0,350.46,Credit Card,Completed,N,False,False,False,False,2026-02-12,ISO_UNAMBIGUOUS,False,Korn Lertprasert,False,350.46,0.0,False,False,False,False,350.46,False,False,18.0,On Time
T000171,C0166,Jane Srisawat,jane.srisawat166@example.com,F,Nakhon Ratchasima,2026-05-30,2026-05-30 17:00:00,Fashion,5,151.98,0.0,759.9,PromptPay,Cancelled,N,False,False,False,False,2026-05-30,ISO_UNAMBIGUOUS,False,Jane Srisawat,False,759.9,0.0,False,False,False,False,759.9,False,False,17.0,On Time
T000528,C0067,May Pattanakul,may.pattanakul67@example.com,M,Chonburi,2026-03-14,2026-03-14 16:00:00,Beauty,3,137.2,0.05,391.02,Cash on Delivery,Processing,N,False,False,False,False,2026-03-14,ISO_UNAMBIGUOUS,False,May Pattanakul,False,391.02,0.0,False,False,False,False,391.02,False,False,16.0,On Time
T900001,C0173,Tee Wongsa,tee.wongsa173@example.com,M,Phuket,2026-02-03,2026-02-03 03:00:00,Beauty,3,286.06,0.0,858.18,Bank Transfer,Returned,N,False,False,False,False,2026-02-03,ISO_UNAMBIGUOUS,False,Tee Wongsa,False,858.18,0.0,False,False,False,False,858.18,False,False,3.0,On Time
T000532,C0010,Beam Sukjai,beam.sukjai10@example.com,M,Phuket,2026-06-27,2026-06-27 06:00:00,Electronics,3,148.42,0.1,400.73,PromptPay,Cancelled,N,False,False,False,False,2026-06-27,ISO_UNAMBIGUOUS,False,Beam Sukjai,False,400.73,0.0,False,False,False,False,400.73,False,False,6.0,On Time
T000498,C0149,May Pattanakul,may.pattanakul149@example.com,F,Unknown,2026-03-22,2026-03-22 11:00:00,Home,4,166.41,0.0,665.64,Bank Transfer,Processing,N,False,True,False,False,2026/03/22,ISO_UNAMBIGUOUS,False,May Pattanakul,False,665.64,0.0,False,False,False,False,665.64,False,False,11.0,On Time
T000401,C0137,Film Boonmee,film.boonmee137@example.com,M,Khon Kaen,2026-06-10,2026-06-10 15:00:00,Fashion,1,488.78,0.2,391.02,Cash on Delivery,Processing,N,False,False,False,False,2026-06-10,ISO_UNAMBIGUOUS,False,Film Boonmee,False,391.02,0.0,False,False,False,False,391.02,False,False,15.0,On Time
T000102,C0004,Tee Dechawat,tee.dechawat4@example.com,M,Bangkok,2026-06-12,2026-06-14 18:00:00,Electronics,1,144.45,0.15,1227.8,Bank Transfer,Completed,Y,False,False,False,False,2026-06-12,ISO_UNAMBIGUOUS,False,Tee Dechawat,False,122.78,1105.02,True,False,False,False,1227.8,False,False,66.0,Late
T000509,C0071,Aom Sukjai,aom.sukjai71@example.com,M,Chanthaburi,2026-03-08,2026-03-10 10:00:00,Beauty,3,90.67,0.0,272.01,Credit Card,Returned,N,False,False,False,False,2026-03-08,ISO_UNAMBIGUOUS,False,Aom Sukjai,False,272.01,0.0,False,False,False,False,272.01,False,False,58.0,Late
T000464,C0103,Tee Phromla,tee.phromla103@example.com,F,Phuket,2026-01-19,2026-01-19 05:00:00,Food,6,260.38,0.05,1484.17,Credit Card,Cancelled,N,False,False,False,False,01/19/2026,RESOLVED_BY_CALENDAR (MM/DD/YYYY),False,Tee Phromla,False,1484.17,0.0,False,False,False,False,1484.17,False,False,5.0,On Time
T000354,C0152,Tee Dechawat,tee.dechawat152@example.com,M,Chanthaburi,2026-02-15,2026-02-15 19:00:00,Fashion,1,177.36,0.0,177.36,Bank Transfer,Completed,N,False,False,False,False,02/15/2026,RESOLVED_BY_CALENDAR (MM/DD/YYYY),False,Tee Dechawat,False,177.36,0.0,False,False,False,False,177.36,False,False,19.0,On Time
T000358,C0069,Jane Saelim,jane.saelim69@example.com,M,Khon Kaen,2026-01-22,2026-01-22 04:00:00,Electronics,2,327.93,0.05,623.07,PromptPay,Cancelled,N,False,False,False,False,2026-01-22,ISO_UNAMBIGUOUS,False,Jane Saelim,False,623.07,0.0,False,False,False,False,623.07,False,False,4.0,On Time
T000583,C0119,Boss Khamdee,boss.khamdee119@example.com,M,Khon Kaen,2026-05-03,2026-05-03 17:00:00,Fashion,1,149.8,0.2,119.84,Credit Card,Completed,N,False,False,False,False,2026-05-03,ISO_UNAMBIGUOUS,False,Boss Khamdee,False,119.84,0.0,False,False,False,False,119.84,False,False,17.0,On Time
T000542,C0104,May Srisawat,may.srisawat104@example.com,F,Chonburi,2026-02-28,2026-02-28 05:00:00,Sports,5,199.81,0.05,949.1,PromptPay,Completed,N,False,False,False,False,2026/02/28,ISO_UNAMBIGUOUS,False,May Srisawat,False,949.1,0.0,False,False,False,False,949.1,False,False,5.0,On Time
T000183,C0001,Tee Saelim,tee.saelim1@example.com,F,Bangkok,2026-04-15,2026-04-15 09:00:00,Home,4,167.56,0.0,670.24,Bank Transfer,Processing,N,False,False,False,False,2026/04/15,ISO_UNAMBIGUOUS,False,Tee Saelim,False,670.24,0.0,False,False,False,False,670.24,False,False,9.0,On Time
T000158,C0049,Gun Dechawat,gun.dechawat49@example.com,F,Nakhon Ratchasima,2026-02-13,2026-02-13 07:00:00,Food,6,175.83,0.1,949.48,PromptPay,Returned,N,False,False,False,False,2026/02/13,ISO_UNAMBIGUOUS,False,Gun Dechawat,False,949.48,0.0,False,False,False,False,949.48,False,False,7.0,On Time
T000117,C0025,Mook Srisawat,mook.srisawat25@example.com,M,Nakhon Ratchasima,2026-02-28,2026-02-28 02:00:00,Fashion,5,202.7,0.2,694.33,PromptPay,Returned,N,False,False,False,False,2026/02/28,ISO_UNAMBIGUOUS,False,Mook Srisawat,False,810.8,-116.47,True,False,False,False,694.33,False,False,2.0,On Time
T000213,C0013,Narin Wongsa,narin.wongsa13@example.com,F,Khon Kaen,2026-05-21,2026-05-25 19:00:00,Sports,5,284.47,0.1,1280.12,Cash on Delivery,Processing,N,False,False,False,False,2026-05-21,ISO_UNAMBIGUOUS,False,Narin Wongsa,False,1280.12,0.0,False,False,False,False,1280.12,False,False,115.0,Late
T000577,C0007,Jane Saelim,jane.saelim7@example.com,M,Chiang Mai,2026-03-09,2026-03-09 03:00:00,Home,2,376.66,0.2,602.66,Cash on Delivery,Processing,Y,False,False,False,False,09-03-2026,RESOLVED_BY_LOAD_TS (DD/MM/YYYY),False,Jane Saelim,False,602.66,0.0,False,False,False,False,602.66,False,False,3.0,On Time
T000203,C0070,Pim Chaiyo,pim.chaiyo70@example.com,M,Khon Kaen,2026-05-22,2026-05-22 19:00:00,Home,2,114.35,0.05,217.26,PromptPay,Processing,N,False,False,False,False,05/22/2026,RESOLVED_BY_CALENDAR (MM/DD/YYYY),False,Pim Chaiyo,False,217.26,0.0,False,False,False,False,217.26,False,False,19.0,On Time
T000320,C0017,Mook Rattanakul,mook.rattanakul17@example.com,F,Khon Kaen,2026-02-23,2026-02-23 17:00:00,Sports,6,333.51,0.0,2001.06,PromptPay,Processing,N,False,False,False,False,2026-02-23,ISO_UNAMBIGUOUS,False,Mook Rattanakul,False,2001.06,0.0,False,False,False,False,2001.06,False,False,17.0,On Time
T000315,C0029,Aom Pattanakul,aom.pattanakul29@example.com,F,Bangkok,2026-03-17,2026-03-17 12:00:00,Beauty,5,247.85,0.0,1239.25,Cash on Delivery,Cancelled,N,False,False,False,False,03/17/2026,RESOLVED_BY_CALENDAR (MM/DD/YYYY),False,Aom Pattanakul,False,1239.25,0.0,False,False,False,False,1239.25,False,False,12.0,On Time
T000410,C0172,Beam Saelim,beam.saelim172@example.com,F,Rayong,2026-02-05,2026-02-05 10:00:00,Food,2,64.3,0.1,115.74,PromptPay,Returned,N,False,False,False,False,2026-02-05,ISO_UNAMBIGUOUS,False,Beam Saelim,False,115.74,0.0,False,False,False,False,115.74,False,False,10.0,On Time
T000121,C0141,Korn Phromla,korn.phromla141@example.com,M,Khon Kaen,2026-01-22,2026-01-22 07:00:00,Fashion,1,76.25,0.05,72.44,Cash on Delivery,Completed,N,False,False,False,False,22/01/2026,RESOLVED_BY_CALENDAR (DD/MM/YYYY),False,Korn Phromla,False,72.44,0.0,False,False,False,False,72.44,False,False,7.0,On Time
T000210,C0044,Gun Phromla,gun.phromla44@example.com,F,Chonburi,2026-03-28,2026-03-28 02:00:00,Electronics,6,213.42,0.15,1088.44,Bank Transfer,Completed,N,False,False,False,False,2026-03-28,ISO_UNAMBIGUOUS,False,Gun Phromla,False,1088.44,0.0,False,False,False,False,1088.44,False,False,2.0,On Time
T000319,C0123,Ploy Khamdee,ploy.khamdee123@example.com,F,Chanthaburi,2026-04-14,2026-04-14 11:00:00,Electronics,6,312.61,0.1,1688.09,Bank Transfer,Returned,N,False,False,False,False,2026-04-14,ISO_UNAMBIGUOUS,False,Ploy Khamdee,False,1688.09,0.0,False,False,False,False,1688.09,False,False,11.0,On Time
T000352,C0081,Film Srisawat,film.srisawat81@example.com,M,Chonburi,2026-05-12,2026-05-12 01:00:00,Sports,1,316.91,0.0,316.91,PromptPay,Completed,N,False,False,False,False,2026-05-12,ISO_UNAMBIGUOUS,False,Film Srisawat,False,316.91,0.0,False,False,False,False,316.91,False,False,1.0,On Time
T000292,C0080,May Kittikul,may.kittikul80@example.com,F,Khon Kaen,2026-06-24,2026-06-24 07:00:00,Fashion,2,299.01,0.1,538.22,Cash on Delivery,Cancelled,N,False,False,False,False,24-06-2026,RESOLVED_BY_CALENDAR (DD/MM/YYYY),False,May Kittikul,False,538.22,0.0,False,False,False,False,538.22,False,False,7.0,On Time
T000051,C0162,Aom Dechawat,aom.dechawat162@example.com,M,Rayong,2026-05-22,2026-05-22 15:00:00,Food,6,147.08,0.1,794.23,Cash on Delivery,Processing,N,False,False,False,False,2026-05-22,ISO_UNAMBIGUOUS,False,Aom Dechawat,False,794.23,0.0,False,False,False,False,794.23,False,False,15.0,On Time
T000295,C0060,Tee Maneerat,tee.maneerat60@example.com,M,Rayong,2026-02-16,2026-02-16 13:00:00,Food,4,521.86,0.15,1774.32,Cash on Delivery,Completed,N,False,False,False,False,16/02/2026,RESOLVED_BY_CALENDAR (DD/MM/YYYY),False,Tee Maneerat,False,1774.32,0.0,False,False,False,False,1774.32,False,False,13.0,On Time
T000027,C0173,Tee Wongsa,tee.wongsa173@example.com,M,Phuket,2026-06-13,2026-06-13 12:00:00,Home,3,254.83,0.0,764.49,Cash on Delivery,Processing,N,False,False,False,False,2026-06-13,ISO_UNAMBIGUOUS,False,Tee Wongsa,False,764.49,0.0,False,False,False,False,764.49,False,False,12.0,On Time
T000477,C0139,Gun Phromla,gun.phromla139@example.com,M,Nakhon Ratchasima,2026-03-19,2026-03-19 06:00:00,Fashion,5,73.37,0.0,366.85,Cash on Delivery,Returned,N,False,False,False,False,2026/03/19,ISO_UNAMBIGUOUS,False,Gun Phromla,False,366.85,0.0,False,False,False,False,366.85,False,False,6.0,On Time
T000045,C0075,Ice Maneerat,ice.maneerat75@example.com,F,Bangkok,2026-05-30,2026-05-30 06:00:00,Home,3,347.59,0.1,938.49,Credit Card,Completed,N,False,False,False,False,30/05/2026,RESOLVED_BY_CALENDAR (DD/MM/YYYY),False,Ice Maneerat,False,938.49,0.0,False,False,False,False,938.49,False,False,6.0,On Time
T000367,C0123,Ploy Khamdee,ploy.khamdee123@example.com,F,Chanthaburi,2026-06-16,2026-06-16 09:00:00,Food,5,227.44,0.1,1023.48,Cash on Delivery,Cancelled,N,False,False,False,False,2026/06/16,ISO_UNAMBIGUOUS,False,Ploy Khamdee,False,1023.48,0.0,False,False,False,False,1023.48,False,False,9.0,On Time
T000398,C0069,Jane Saelim,jane.saelim69@example.com,M,Khon Kaen,2026-05-15,2026-05-19 00:00:00,Food,5,205.91,0.0,1029.55,PromptPay,Cancelled,N,False,False,False,False,2026-05-15,ISO_UNAMBIGUOUS,False,Jane Saelim,False,1029.55,0.0,False,False,False,False,1029.55,False,False,96.0,Late
T000327,C0048,Boss Dechawat,boss.dechawat48@example.com,F,Rayong,2026-03-12,2026-03-12 13:00:00,Food,2,180.15,0.15,306.25,Bank Transfer,Completed,N,False,False,False,False,2026-03-12,ISO_UNAMBIGUOUS,False,Boss Dechawat,False,306.26,-0.01,False,False,False,False,306.25,False,False,13.0,On Time
T000555,C0019,Korn Dechawat,korn.dechawat19@example.com,M,Nakhon Ratchasima,2026-06-13,2026-06-15 01:00:00,Electronics,4,473.76,0.2,1516.03,Cash on Delivery,Returned,N,False,False,False,False,13-06-2026,RESOLVED_BY_CALENDAR (DD/MM/YYYY),False,Korn Dechawat,False,1516.03,0.0,False,False,False,False,1516.03,False,False,49.0,Late
T000090,C0109,Jane Thongdee,jane.thongdee109@example.com,F,Bangkok,2026-05-14,2026-05-14 04:00:00,Sports,4,255.94,0.0,1023.76,PromptPay,Returned,N,False,False,False,False,14/05/2026,RESOLVED_BY_CALENDAR (DD/MM/YYYY),False,Jane Thongdee,False,1023.76,0.0,False,False,False,False,1023.76,False,False,4.0,On Time
T000197,C0109,Jane Thongdee,jane.thongdee109@example.com,F,Bangkok,2026-02-02,2026-02-02 05:00:00,Home,2,210.54,0.0,421.08,Credit Card,Cancelled,N,False,False,False,False,2026-02-02,ISO_UNAMBIGUOUS,False,Jane Thongdee,False,421.08,0.0,False,False,False,False,421.08,False,False,5.0,On Time
T000107,C0087,May Sukjai,may.sukjai87@example.com,M,Chanthaburi,2026-06-13,2026-06-13 07:00:00,Home,4,125.39,0.0,501.56,Credit Card,Processing,N,False,False,False,False,2026-06-13,ISO_UNAMBIGUOUS,False,May Sukjai,False,501.56,0.0,False,False,False,False,501.56,False,False,7.0,On Time
T000569,C0086,Korn Dechawat,korn.dechawat86@example.com,F,Nakhon Ratchasima,2026-05-06,2026-05-06 19:00:00,Food,3,181.97,0.1,330.28,Bank Transfer,Cancelled,N,False,False,False,False,2026-05-06,ISO_UNAMBIGUOUS,False,Korn Dechawat,False,491.32,-161.04,True,False,False,False,330.28,False,False,19.0,On Time
T000095,C0142,Ploy Maneerat,ploy.maneerat142@example.com,F,Chiang Mai,2026-05-09,2026-05-09 17:00:00,Electronics,6,571.14,0.0,2092.5,Cash on Delivery,Cancelled,N,False,False,False,False,2026-05-09,ISO_UNAMBIGUOUS,False,Ploy Maneerat,False,3426.84,0.0,False,False,False,False,3426.84,True,True,17.0,On Time
T000317,C0036,Film Maneerat,film.maneerat36@example.com,F,Chonburi,2026-03-30,2026-03-30 14:00:00,Beauty,6,159.05,0.0,954.3,Credit Card,Returned,N,False,False,False,False,30-03-2026,RESOLVED_BY_CALENDAR (DD/MM/YYYY),False,Film Maneerat,False,954.3,0.0,False,False,False,False,954.3,False,False,14.0,On Time
T000024,C0141,Korn Phromla,korn.phromla141@example.com,M,Khon Kaen,2026-04-17,2026-04-17 01:00:00,Sports,5,212.22,0.05,1008.04,Credit Card,Cancelled,N,False,False,False,False,04/17/2026,RESOLVED_BY_CALENDAR (MM/DD/YYYY),False,Korn Phromla,False,1008.04,0.0,False,False,False,False,1008.04,False,False,1.0,On Time
T000088,C0047,Ploy Saelim,ploy.saelim47@example.com,F,Khon Kaen,2026-04-11,2026-04-11 17:00:00,Electronics,3,383.05,0.0,1149.15,Bank Transfer,Returned,N,False,False,False,False,11/04/2026,RESOLVED_BY_LOAD_TS (DD/MM/YYYY),False,Ploy Saelim,False,1149.15,0.0,False,False,False,False,1149.15,False,False,17.0,On Time
T900011,C0047,Ploy  Saelim,ploy.saelim47@example.com,F,Khon Kaen,2026-05-18,2026-05-18 17:00:00,Home,2,149.97,0.05,284.94,Bank Transfer,Processing,N,False,False,False,False,2026-05-18,ISO_UNAMBIGUOUS,False,Ploy Saelim,False,284.94,0.0,False,False,False,False,284.94,False,False,17.0,On Time
T000473,C0052,Gun Dechawat,gun.dechawat52@example.com,F,Rayong,2026-04-22,2026-04-22 02:00:00,Electronics,1,284.44,0.15,241.77,Cash on Delivery,Processing,N,False,False,False,False,2026-04-22,ISO_UNAMBIGUOUS,False,Gun Dechawat,False,241.77,0.0,False,False,False,False,241.77,False,False,2.0,On Time
T000165,C0043,Beam Rattanakul,beam.rattanakul43@example.com,M,Bangkok,2026-06-07,2026-06-07 12:00:00,Sports,6,208.96,0.1,1128.38,Bank Transfer,Returned,N,False,False,False,False,2026-06-07,ISO_UNAMBIGUOUS,False,Beam Rattanakul,False,1128.38,0.0,False,False,False,False,1128.38,False,False,12.0,On Time
T000097,C0158,Nont Kittikul,nont.kittikul158@example.com,M,Nakhon Ratchasima,2026-01-05,2026-01-05 19:00:00,Food,4,175.75,0.0,703.0,Credit Card,Completed,N,False,False,False,False,2026-01-05,ISO_UNAMBIGUOUS,False,Nont Kittikul,False,703.0,0.0,False,False,False,False,703.0,False,False,19.0,On Time
T000054,C0012,Mint Pattanakul,mint.pattanakul12@example.com,M,Chiang Mai,2026-02-27,2026-02-27 13:00:00,Sports,3,305.63,0.05,871.05,PromptPay,Processing,N,False,False,False,False,27/02/2026,RESOLVED_BY_CALENDAR (DD/MM/YYYY),False,Mint Pattanakul,False,871.05,0.0,False,False,False,False,871.05,False,False,13.0,On Time
T000486,C0178,Anan Wongsa,anan.wongsa178@example.com,M,Khon Kaen,2026-04-15,2026-04-19 05:00:00,Fashion,6,156.07,0.0,936.42,PromptPay,Processing,N,False,False,False,False,2026-04-15,ISO_UNAMBIGUOUS,False,Anan Wongsa,False,936.42,0.0,False,False,False,False,936.42,False,False,101.0,Late
T000488,C0110,Mook Srisawat,mook.srisawat110@example.com,F,Nakhon Ratchasima,2026-04-18,2026-04-18 01:00:00,Food,1,269.19,0.1,242.27,Bank Transfer,Returned,N,False,False,False,False,2026/04/18,ISO_UNAMBIGUOUS,False,Mook Srisawat,False,242.27,0.0,False,False,False,False,242.27,False,False,1.0,On Time
T000214,C0156,Beam Kittikul,beam.kittikul156@example.com,M,Chanthaburi,2026-06-26,2026-06-26 02:00:00,Sports,5,130.87,0.2,523.48,Bank Transfer,Returned,N,False,False,False,False,26/06/2026,RESOLVED_BY_CALENDAR (DD/MM/YYYY),False,Beam Kittikul,False,523.48,0.0,False,False,False,False,523.48,False,False,2.0,On Time
T000231,C0156,Beam Kittikul,beam.kittikul156@example.com,M,Chanthaburi,2026-02-23,2026-02-23 08:00:00,Home,2,141.82,0.0,283.64,Bank Transfer,Processing,N,False,False,False,False,02/23/2026,RESOLVED_BY_CALENDAR (MM/DD/YYYY),False,Beam Kittikul,False,283.64,0.0,False,False,False,False,283.64,False,False,8.0,On Time
T000037,C0068,Beam Sukjai,beam.sukjai68@example.com,F,Bangkok,2026-02-04,2026-02-04 04:00:00,Sports,4,365.29,0.0,1461.16,Credit Card,Completed,N,False,False,False,False,2026-02-04,ISO_UNAMBIGUOUS,False,Beam Sukjai,False,1461.16,0.0,False,False,False,False,1461.16,False,False,4.0,On Time
T000543,C0179,Jane Chaiyo,jane.chaiyo179@example.com,F,Chanthaburi,2026-06-01,2026-06-01 19:00:00,Sports,6,300.46,0.0,1802.76,PromptPay,Unknown,N,False,False,False,False,06/01/2026,RESOLVED_BY_LOAD_TS (MM/DD/YYYY),False,Jane Chaiyo,False,1802.76,0.0,False,False,False,True,1802.76,False,False,19.0,On Time
T000414,C0030,May Thongdee,may.thongdee30@example.com,M,Nakhon Ratchasima,2026-04-10,2026-04-10 07:00:00,Electronics,3,158.95,0.0,476.85,Bank Transfer,Cancelled,N,False,False,False,False,2026-04-10,ISO_UNAMBIGUOUS,False,May Thongdee,False,476.85,0.0,False,False,False,False,476.85,False,False,7.0,On Time
T000038,C0129,Ploy Chaiyo,unknown_C0129@unknown.local,M,Bangkok,2026-01-06,2026-01-06 17:00:00,Beauty,4,211.89,0.1,762.8,PromptPay,Completed,N,True,False,False,False,2026-01-06,ISO_UNAMBIGUOUS,False,Ploy Chaiyo,False,762.8,0.0,False,False,False,False,762.8,False,False,17.0,On Time
T000143,C0169,Boss Kittikul,boss.kittikul169@example.com,M,Nakhon Ratchasima,2026-05-06,2026-05-06 13:00:00,Sports,3,161.97,0.0,485.91,Credit Card,Cancelled,N,False,False,False,False,2026/05/06,ISO_UNAMBIGUOUS,False,Boss Kittikul,False,485.91,0.0,False,False,False,False,485.91,False,False,13.0,On Time
T000140,C0174,Ploy Kittikul,ploy.kittikul174@example.com,M,Chiang Mai,2026-03-02,2026-03-02 13:00:00,Sports,5,138.85,0.1,624.83,PromptPay,Completed,N,True,False,True,False,2026-03-02,ISO_UNAMBIGUOUS,False,Ploy Kittikul,False,624.83,0.0,False,False,False,False,624.83,False,False,13.0,On Time
T000220,C0178,Anan Wongsa,anan.wongsa178@example.com,M,Khon Kaen,2026-03-18,2026-03-18 06:00:00,Home,1,221.19,0.05,210.13,Cash on Delivery,Completed,N,False,False,False,False,2026-03-18,ISO_UNAMBIGUOUS,False,Anan Wongsa,False,210.13,0.0,False,False,False,False,210.13,False,False,6.0,On Time
T000014,C0144,Gun Sukjai,gun.sukjai144@example.com,M,Phuket,2026-01-29,2026-01-29 18:00:00,Home,3,172.11,0.0,516.33,Bank Transfer,Processing,N,True,False,True,False,01/29/2026,RESOLVED_BY_CALENDAR (MM/DD/YYYY),False,Gun Sukjai,False,516.33,0.0,False,False,False,False,516.33,False,False,18.0,On Time
T000272,C0029,Aom Pattanakul,aom.pattanakul29@example.com,F,Bangkok,2026-04-27,2026-04-27 10:00:00,Sports,3,185.42,0.0,556.26,PromptPay,Cancelled,N,False,False,False,False,2026-04-27,ISO_UNAMBIGUOUS,False,Aom Pattanakul,False,556.26,0.0,False,False,False,False,556.26,False,False,10.0,On Time
T000534,C0086,Korn Dechawat,korn.dechawat86@example.com,F,Nakhon Ratchasima,2026-06-18,2026-06-18 01:00:00,Fashion,6,259.77,0.05,1480.69,Credit Card,Cancelled,N,False,False,False,False,06/18/2026,RESOLVED_BY_CALENDAR (MM/DD/YYYY),False,Korn Dechawat,False,1480.69,0.0,False,False,False,False,1480.69,False,False,1.0,On Time
T000582,C0034,Fah Pattanakul,fah.pattanakul34@example.com,M,Chiang Mai,2026-03-21,2026-03-21 02:00:00,Electronics,4,138.78,0.0,555.12,PromptPay,Processing,N,False,False,False,False,2026-03-21,ISO_UNAMBIGUOUS,False,Fah Pattanakul,False,555.12,0.0,False,False,False,False,555.12,False,False,2.0,On Time
T000001,C0132,Fah Saelim,fah.saelim132@example.com,M,Khon Kaen,2026-02-10,2026-02-10 02:00:00,Electronics,4,199.57,0.0,798.28,Credit Card,Completed,N,False,False,False,False,2026-02-10,ISO_UNAMBIGUOUS,False,Fah Saelim,False,798.28,0.0,False,False,False,False,798.28,False,False,2.0,On Time
T000346,C0127,Fah Rattanakul,fah.rattanakul127@example.com,F,Rayong,2026-05-26,2026-05-26 08:00:00,Beauty,6,301.38,0.0,1808.28,Credit Card,Cancelled,N,False,False,False,False,2026-05-26,ISO_UNAMBIGUOUS,False,Fah Rattanakul,False,1808.28,0.0,False,False,False,True,1808.28,False,False,8.0,On Time
T000529,C0179,Jane Chaiyo,jane.chaiyo179@example.com,F,Chanthaburi,2026-03-20,2026-03-20 07:00:00,Home,5,386.42,0.2,1545.68,Credit Card,Returned,N,False,False,False,False,2026-03-20,ISO_UNAMBIGUOUS,False,Jane Chaiyo,False,1545.68,0.0,False,False,False,False,1545.68,False,False,7.0,On Time
T000435,C0026,Mook Wongsa,mook.wongsa26@example.com,M,Chiang Mai,2026-03-08,2026-03-12 16:00:00,Beauty,5,120.9,0.1,544.05,Cash on Delivery,Returned,N,False,False,False,False,2026-03-08,ISO_UNAMBIGUOUS,False,Mook Wongsa,False,544.05,0.0,False,False,False,False,544.05,False,False,112.0,Late
T000574,C0041,Tee Chaiyo,tee.chaiyo41@example.com,M,Chonburi,2026-06-22,2026-06-22 08:00:00,Fashion,1,189.02,0.2,151.22,Credit Card,Cancelled,N,False,False,False,False,2026-06-22,ISO_UNAMBIGUOUS,False,Tee Chaiyo,True,151.22,0.0,False,False,False,False,151.22,False,False,8.0,On Time
T000413,C0047,Ploy Saelim,ploy.saelim47@example.com,F,Khon Kaen,2026-04-11,2026-04-11 13:00:00,Food,1,439.01,0.1,395.11,Bank Transfer,Returned,N,False,False,False,False,11/04/2026,RESOLVED_BY_LOAD_TS (DD/MM/YYYY),False,Ploy Saelim,False,395.11,0.0,False,False,False,False,395.11,False,False,13.0,On Time
T000111,C0105,Korn Sukjai,korn.sukjai105@example.com,F,Rayong,2026-01-28,2026-01-28 04:00:00,Beauty,3,163.24,0.0,489.72,Bank Transfer,Completed,N,False,False,False,False,2026-01-28,ISO_UNAMBIGUOUS,False,Korn Sukjai,False,489.72,0.0,False,False,False,False,489.72,False,False,4.0,On Time
T000513,C0023,Beam Boonmee,beam.boonmee23@example.com,M,Khon Kaen,2026-03-09,2026-03-09 05:00:00,Electronics,5,288.21,0.05,1369.0,PromptPay,Completed,Y,False,False,False,False,2026-03-09,ISO_UNAMBIGUOUS,False,Beam Boonmee,False,1369.0,0.0,False,False,False,False,1369.0,False,False,5.0,On Time
T000104,C0065,Pim Srisawat,pim.srisawat65@example.com,M,Nakhon Ratchasima,2026-01-07,2026-01-07 12:00:00,Electronics,3,340.28,0.05,969.8,Cash on Delivery,Processing,N,False,False,False,False,2026-01-07,ISO_UNAMBIGUOUS,False,Pim Srisawat,False,969.8,0.0,False,False,False,False,969.8,False,False,12.0,On Time
T000393,C0040,Pim Srisawat,pim.srisawat40@example.com,M,Rayong,2026-02-13,2026-02-13 09:00:00,Fashion,6,90.22,0.0,-1.0,Bank Transfer,Completed,N,False,False,False,False,2026-02-13,ISO_UNAMBIGUOUS,False,Pim Srisawat,False,541.32,-542.32,True,True,False,False,-1.0,False,False,9.0,On Time
T000196,C0089,May Sukjai,may.sukjai89@example.com,F,Chiang Mai,2026-04-18,2026-04-18 06:00:00,Home,2,166.53,0.1,299.75,Bank Transfer,Returned,N,False,True,False,True,2026-04-18,ISO_UNAMBIGUOUS,False,May Sukjai,False,299.75,0.0,False,False,False,False,299.75,False,False,6.0,On Time
T000375,C0108,Anan Khamdee,anan.khamdee108@example.com,M,Nakhon Ratchasima,2026-01-09,2026-01-09 09:00:00,Fashion,6,480.57,0.0,2092.5,Cash on Delivery,Completed,N,False,False,False,False,2026-01-09,ISO_UNAMBIGUOUS,False,Anan Khamdee,False,2883.42,0.0,False,False,False,False,2883.42,True,True,9.0,On Time
T000306,C0136,Nont Kittikul,nont.kittikul136@example.com,F,Khon Kaen,2026-04-22,2026-04-22 04:00:00,Beauty,4,74.59,0.2,238.69,Credit Card,Processing,N,False,False,False,False,2026/04/22,ISO_UNAMBIGUOUS,False,Nont Kittikul,False,238.69,0.0,False,False,False,False,238.69,False,False,4.0,On Time
T000442,C0136,Nont Kittikul,nont.kittikul136@example.com,F,Khon Kaen,2026-01-30,2026-01-30 13:00:00,Fashion,5,329.1,0.15,1398.67,Cash on Delivery,Completed,N,True,False,True,False,30/01/2026,RESOLVED_BY_CALENDAR (DD/MM/YYYY),False,Nont Kittikul,False,1398.68,-0.01,False,False,False,False,1398.67,False,False,13.0,On Time
T000337,C0096,Korn Dechawat,korn.dechawat96@example.com,M,Chonburi,2026-05-13,2026-05-13 19:00:00,Electronics,3,373.15,0.0,1119.45,Credit Card,Cancelled,N,False,False,False,False,13/05/2026,RESOLVED_BY_CALENDAR (DD/MM/YYYY),False,Korn Dechawat,False,1119.45,0.0,False,False,False,False,1119.45,False,False,19.0,On Time
T000012,C0032,Bank Dechawat,bank.dechawat32@example.com,F,Nakhon Ratchasima,2026-04-02,2026-04-02 12:00:00,Fashion,4,303.9,0.15,1033.26,Credit Card,Returned,N,False,False,False,False,02/04/2026,RESOLVED_BY_LOAD_TS (DD/MM/YYYY),False,Bank Dechawat,False,1033.26,0.0,False,False,False,False,1033.26,False,False,12.0,On Time
T000444,C0014,Beam Thongdee,beam.thongdee14@example.com,M,Chonburi,2026-03-02,2026-03-02 14:00:00,Food,2,466.56,0.0,933.12,Cash on Delivery,Returned,N,False,False,False,False,2026-03-02,ISO_UNAMBIGUOUS,False,Beam Thongdee,False,933.12,0.0,False,False,False,False,933.12,False,False,14.0,On Time
T000537,C0072,Tee Lertprasert,tee.lertprasert72@example.com,F,Chanthaburi,2026-04-15,2026-04-15 12:00:00,Fashion,4,351.31,0.2,1124.19,Credit Card,Completed,N,False,False,False,False,2026-04-15,ISO_UNAMBIGUOUS,False,Tee Lertprasert,False,1124.19,0.0,False,False,False,False,1124.19,False,False,12.0,On Time
T000525,C0080,May Kittikul,may.kittikul80@example.com,F,Khon Kaen,2026-04-16,2026-04-16 16:00:00,Fashion,3,670.66,0.0,2011.98,Cash on Delivery,Cancelled,N,True,False,True,False,2026-04-16,ISO_UNAMBIGUOUS,False,May Kittikul,False,2011.98,0.0,False,False,False,False,2011.98,False,False,16.0,On Time
T000461,C0008,Ice Rattanakul,ice.rattanakul8@example.com,M,Chiang Mai,2026-02-18,2026-02-18 10:00:00,Home,5,538.57,0.0,2092.5,Credit Card,Completed,N,False,False,False,False,2026-02-18,ISO_UNAMBIGUOUS,False,Ice Rattanakul,False,2692.85,0.0,False,False,False,False,2692.85,True,True,10.0,On Time
T000483,C0167,Anan Sukjai,anan.sukjai167@example.com,M,Nakhon Ratchasima,2026-02-18,2026-02-18 02:00:00,Home,2,132.25,0.05,251.27,Cash on Delivery,Cancelled,N,False,False,False,False,2026-02-18,ISO_UNAMBIGUOUS,False,Anan Sukjai,False,251.27,0.0,False,False,False,False,251.27,False,False,2.0,On Time
T000484,C0016,Korn Lertprasert,korn.lertprasert16@example.com,M,Khon Kaen,2026-03-29,2026-03-29 10:00:00,Electronics,1,152.78,0.05,145.14,Bank Transfer,Completed,N,True,False,True,False,29/03/2026,RESOLVED_BY_CALENDAR (DD/MM/YYYY),False,Korn Lertprasert,False,145.14,0.0,False,False,False,False,145.14,False,False,10.0,On Time
T000321,C0169,Boss Kittikul,boss.kittikul169@example.com,M,Nakhon Ratchasima,2026-01-20,2026-01-20 14:00:00,Fashion,6,199.84,0.1,1079.14,Credit Card,Processing,N,False,False,False,False,2026-01-20,ISO_UNAMBIGUOUS,False,Boss Kittikul,False,1079.14,0.0,False,False,False,False,1079.14,False,False,14.0,On Time
T000585,C0144,Gun Sukjai,gun.sukjai144@example.com,M,Phuket,2026-02-26,2026-02-26 17:00:00,Home,6,173.04,0.1,934.42,PromptPay,Returned,N,False,False,False,False,2026-02-26,ISO_UNAMBIGUOUS,False,Gun Sukjai,False,934.42,0.0,False,False,False,False,934.42,False,False,17.0,On Time
T900004,C0144,Gun Sukjai,gun.sukjai144@example.com,M,Phuket,2026-06-15,2026-06-15 19:00:00,Fashion,4,307.1,0.1,680.15,Credit Card,Returned,N,False,False,False,False,15-06-2026,RESOLVED_BY_CALENDAR (DD/MM/YYYY),False,Gun Sukjai,False,1105.56,-425.41,True,False,False,False,680.15,False,False,19.0,On Time
T000308,C0141,Korn Phromla,korn.phromla141@example.com,M,Khon Kaen,2026-03-06,2026-03-06 09:00:00,Electronics,6,147.42,0.0,884.52,Cash on Delivery,Completed,N,False,False,False,False,2026-03-06,ISO_UNAMBIGUOUS,False,Korn Phromla,False,884.52,0.0,False,False,False,False,884.52,False,False,9.0,On Time
T000331,C0026,Mook Wongsa,mook.wongsa26@example.com,M,Chiang Mai,2026-02-20,2026-02-20 19:00:00,Sports,4,132.13,0.05,502.09,Credit Card,Cancelled,N,False,False,False,False,2026/02/20,ISO_UNAMBIGUOUS,False,Mook Wongsa,False,502.09,0.0,False,False,False,False,502.09,False,False,19.0,On Time
T000334,C0033,Pim Srisawat,pim.srisawat33@example.com,M,Rayong,2026-02-27,2026-02-27 02:00:00,Electronics,1,479.61,0.15,407.67,PromptPay,Returned,N,False,False,False,False,2026-02-27,ISO_UNAMBIGUOUS,False,Pim Srisawat,False,407.67,0.0,False,False,False,False,407.67,False,False,2.0,On Time
T000276,C0006,Pim Khamdee,pim.khamdee6@example.com,M,Nakhon Ratchasima,2026-05-19,2026-05-19 11:00:00,Fashion,6,118.86,0.1,641.84,Cash on Delivery,Completed,N,True,False,True,False,2026-05-19,ISO_UNAMBIGUOUS,False,Pim Khamdee,False,641.84,0.0,False,False,False,False,641.84,False,False,11.0,On Time
T000380,C0020,New Chaiyo,new.chaiyo20@example.com,M,Phuket,2026-04-12,2026-04-12 13:00:00,Fashion,1,147.16,0.05,139.8,Credit Card,Completed,N,False,True,False,True,2026-04-12,ISO_UNAMBIGUOUS,False,New Chaiyo,False,139.8,0.0,False,False,False,False,139.8,False,False,13.0,On Time
T000593,C0138,Mint Dechawat,mint.dechawat138@example.com,M,Khon Kaen,2026-06-11,2026-06-11 13:00:00,Electronics,6,164.61,0.05,938.28,Bank Transfer,Completed,N,False,False,False,False,06/11/2026,RESOLVED_BY_LOAD_TS (MM/DD/YYYY),False,Mint Dechawat,False,938.28,0.0,False,False,False,False,938.28,False,False,13.0,On Time
T000228,C0111,New Rattanakul,new.rattanakul111@example.com,M,Bangkok,2026-03-25,2026-03-25 02:00:00,Electronics,4,72.06,0.1,259.42,Bank Transfer,Processing,N,False,False,False,False,2026/03/25,ISO_UNAMBIGUOUS,False,New Rattanakul,False,259.42,0.0,False,False,False,False,259.42,False,False,2.0,On Time
T000405,C0126,Ploy Maneerat,ploy.maneerat126@example.com,F,Phuket,2026-04-25,2026-04-25 11:00:00,Sports,2,136.56,0.15,232.15,PromptPay,Returned,N,False,False,False,False,25/04/2026,RESOLVED_BY_CALENDAR (DD/MM/YYYY),False,Ploy Maneerat,False,232.15,0.0,False,False,False,False,232.15,False,False,11.0,On Time
T000403,C0076,Pim Phromla,pim.phromla76@example.com,M,Chanthaburi,2026-03-11,2026-03-11 02:00:00,Home,5,776.68,0.1,2092.5,Bank Transfer,Cancelled,N,False,False,False,False,11-03-2026,RESOLVED_BY_LOAD_TS (DD/MM/YYYY),False,Pim Phromla,False,3495.06,0.0,False,False,False,False,3495.06,True,True,2.0,On Time
T000482,C0067,May Pattanakul,may.pattanakul67@example.com,M,Chonburi,2026-01-03,2026-01-03 01:00:00,Home,1,237.37,0.1,213.63,Credit Card,Cancelled,N,True,False,True,False,2026-01-03,ISO_UNAMBIGUOUS,False,May Pattanakul,False,213.63,0.0,False,False,False,False,213.63,False,False,1.0,On Time
T000270,C0160,Mint Kittikul,mint.kittikul160@example.com,F,Chiang Mai,2026-01-23,2026-01-23 04:00:00,Home,4,82.86,0.05,314.87,Cash on Delivery,Processing,N,False,False,False,False,2026-01-23,ISO_UNAMBIGUOUS,False,Mint Kittikul,False,314.87,0.0,False,False,False,False,314.87,False,False,4.0,On Time
T000396,C0110,Mook Srisawat,mook.srisawat110@example.com,F,Nakhon Ratchasima,2026-01-19,2026-01-19 14:00:00,Beauty,1,195.61,0.1,176.05,Credit Card,Completed,N,False,False,False,False,19/01/2026,RESOLVED_BY_CALENDAR (DD/MM/YYYY),False,Mook Srisawat,False,176.05,0.0,False,False,False,False,176.05,False,False,14.0,On Time
T000175,C0064,Ploy Thongdee,ploy.thongdee64@example.com,F,Phuket,2026-02-16,2026-02-16 03:00:00,Beauty,4,472.97,0.1,1702.69,PromptPay,Processing,N,False,False,False,False,16-02-2026,RESOLVED_BY_CALENDAR (DD/MM/YYYY),False,Ploy Thongdee,False,1702.69,0.0,False,False,False,False,1702.69,False,False,3.0,On Time
T000347,C0157,Nont Rattanakul,nont.rattanakul157@example.com,F,Khon Kaen,2026-05-16,2026-05-16 07:00:00,Food,3,282.51,0.1,762.78,Credit Card,Returned,N,False,False,False,False,2026-05-16,ISO_UNAMBIGUOUS,False,Nont Rattanakul,False,762.78,0.0,False,False,False,False,762.78,False,False,7.0,On Time
T000318,C0060,Tee Maneerat,tee.maneerat60@example.com,M,Rayong,2026-06-18,2026-06-18 11:00:00,Sports,5,119.93,0.1,539.69,PromptPay,Processing,N,False,False,False,False,06/18/2026,RESOLVED_BY_CALENDAR (MM/DD/YYYY),False,Tee Maneerat,False,539.69,0.0,False,False,False,False,539.69,False,False,11.0,On Time
T000383,C0076,Pim Phromla,pim.phromla76@example.com,M,Chanthaburi,2026-01-19,2026-01-19 01:00:00,Home,2,141.51,0.15,240.57,Credit Card,Cancelled,N,False,False,False,False,01/19/2026,RESOLVED_BY_CALENDAR (MM/DD/YYYY),False,Pim Phromla,False,240.57,0.0,False,False,False,False,240.57,False,False,1.0,On Time
T000394,C0098,Film Lertprasert,film.lertprasert98@example.com,F,Khon Kaen,2026-05-06,2026-05-06 06:00:00,Food,1,206.5,0.0,206.5,Bank Transfer,Processing,Y,False,False,False,False,06/05/2026,RESOLVED_BY_LOAD_TS (DD/MM/YYYY),False,Film Lertprasert,False,206.5,0.0,False,False,False,False,206.5,False,False,6.0,On Time
T000397,C0106,Korn Srisawat,korn.srisawat106@example.com,M,Rayong,2026-03-24,2026-03-24 04:00:00,Food,4,106.73,0.0,426.92,Bank Transfer,Completed,N,False,False,False,False,24/03/2026,RESOLVED_BY_CALENDAR (DD/MM/YYYY),False,Korn Srisawat,False,426.92,0.0,False,False,False,False,426.92,False,False,4.0,On Time
T000240,C0007,Jane Saelim,jane.saelim7@example.com,M,Chiang Mai,2026-02-09,2026-02-09 09:00:00,Beauty,5,201.04,0.15,854.42,Cash on Delivery,Processing,N,False,False,False,False,02/09/2026,RESOLVED_BY_LOAD_TS (MM/DD/YYYY),False,Jane Saelim,False,854.42,0.0,False,False,False,False,854.42,False,False,9.0,On Time
T000091,C0084,Film Thongdee,film.thongdee84@example.com,F,Bangkok,2026-01-16,2026-01-16 09:00:00,Home,2,180.02,0.0,360.04,Bank Transfer,Cancelled,N,False,False,False,False,2026/01/16,ISO_UNAMBIGUOUS,False,Film Thongdee,False,360.04,0.0,False,False,False,False,360.04,False,False,9.0,On Time
T000185,C0041,Tee Chaiyo,tee.chaiyo41@example.com,M,Chonburi,2026-04-23,2026-04-23 17:00:00,Food,1,188.03,0.15,159.83,PromptPay,Processing,N,False,False,False,False,2026-04-23,ISO_UNAMBIGUOUS,False,Tee Chaiyo,False,159.83,0.0,False,False,False,False,159.83,False,False,17.0,On Time
T000458,C0092,Tee Wongsa,tee.wongsa92@example.com,F,Chanthaburi,2026-06-25,2026-06-25 15:00:00,Home,2,243.54,0.0,487.08,PromptPay,Cancelled,Y,False,False,False,False,2026-06-25,ISO_UNAMBIGUOUS,False,Tee Wongsa,False,487.08,0.0,False,False,False,False,487.08,False,False,15.0,On Time
T000359,C0058,Anan Wongsa,anan.wongsa58@example.com,F,Khon Kaen,2026-03-26,2026-03-26 18:00:00,Beauty,5,298.54,0.0,1492.7,Bank Transfer,Completed,N,True,False,True,False,2026-03-26,ISO_UNAMBIGUOUS,False,Anan Wongsa,False,1492.7,0.0,False,False,False,False,1492.7,False,False,18.0,On Time
T000524,C0061,Tee Maneerat,tee.maneerat61@example.com,M,Chiang Mai,2026-03-24,2026-03-24 12:00:00,Beauty,3,162.12,0.1,437.72,Credit Card,Returned,N,True,False,True,False,24/03/2026,RESOLVED_BY_CALENDAR (DD/MM/YYYY),False,Tee Maneerat,False,437.72,0.0,False,False,False,False,437.72,False,False,12.0,On Time
T000342,C0065,Pim Srisawat,pim.srisawat65@example.com,M,Nakhon Ratchasima,2026-06-07,2026-06-07 14:00:00,Beauty,1,55.08,0.05,52.33,Cash on Delivery,Processing,N,False,False,False,False,07/06/2026,RESOLVED_BY_LOAD_TS (DD/MM/YYYY),False,Pim Srisawat,False,52.33,0.0,False,False,False,False,52.33,False,False,14.0,On Time
T000022,C0111,New Rattanakul,new.rattanakul111@example.com,M,Bangkok,2026-02-04,2026-02-04 13:00:00,Food,6,91.54,0.0,440.2,PromptPay,Cancelled,N,False,False,False,False,04-02-2026,RESOLVED_BY_LOAD_TS (DD/MM/YYYY),False,New Rattanakul,False,549.24,-109.04,True,False,False,False,440.2,False,False,13.0,On Time
T000236,C0138,Mint Dechawat,mint.dechawat138@example.com,M,Khon Kaen,2026-01-15,2026-01-15 16:00:00,Electronics,2,243.3,0.1,437.94,PromptPay,Returned,N,False,False,False,False,2026/01/15,ISO_UNAMBIGUOUS,False,Mint Dechawat,False,437.94,0.0,False,False,False,False,437.94,False,False,16.0,On Time
T000150,C0011,Mint Rattanakul,mint.rattanakul11@example.com,F,Chanthaburi,2026-02-22,2026-02-22 18:00:00,Sports,4,155.35,0.2,497.12,Credit Card,Unknown,N,False,True,False,True,2026-02-22,ISO_UNAMBIGUOUS,False,Mint Rattanakul,False,497.12,0.0,False,False,False,True,497.12,False,False,18.0,On Time
T000416,C0036,Film Maneerat,film.maneerat36@example.com,F,Chonburi,2026-03-29,2026-03-29 13:00:00,Beauty,2,112.29,0.0,224.58,PromptPay,Completed,N,False,False,False,False,29/03/2026,RESOLVED_BY_CALENDAR (DD/MM/YYYY),False,Film Maneerat,False,224.58,0.0,False,False,False,False,224.58,False,False,13.0,On Time
T000166,C0134,Pim Wongsa,pim.wongsa134@example.com,M,Chanthaburi,2026-02-23,2026-02-23 07:00:00,Home,1,269.63,0.05,256.15,Credit Card,Returned,N,False,False,False,False,02/23/2026,RESOLVED_BY_CALENDAR (MM/DD/YYYY),False,Pim Wongsa,False,256.15,0.0,False,False,False,False,256.15,False,False,7.0,On Time
T000275,C0007,Jane Saelim,jane.saelim7@example.com,M,Chiang Mai,2026-03-21,2026-03-21 17:00:00,Beauty,5,167.2,0.0,836.0,Cash on Delivery,Returned,N,False,False,False,False,2026-03-21,ISO_UNAMBIGUOUS,False,Jane Saelim,False,836.0,0.0,False,False,False,False,836.0,False,False,17.0,On Time
T000600,C0151,Mook Thongdee,mook.thongdee151@example.com,M,Bangkok,2026-05-02,2026-05-02 02:00:00,Beauty,2,344.51,0.05,654.57,PromptPay,Returned,N,False,False,False,False,05/02/2026,RESOLVED_BY_LOAD_TS (MM/DD/YYYY),False,Mook Thongdee,False,654.57,0.0,False,False,False,False,654.57,False,False,2.0,On Time
T000326,C0068,Beam Sukjai,beam.sukjai68@example.com,F,Bangkok,2026-04-15,2026-04-15 06:00:00,Home,4,530.24,0.1,1908.86,Credit Card,Completed,N,False,False,False,False,04/15/2026,RESOLVED_BY_CALENDAR (MM/DD/YYYY),False,Beam Sukjai,False,1908.86,0.0,False,False,False,False,1908.86,False,False,6.0,On Time
T000350,C0157,Nont Rattanakul,nont.rattanakul157@example.com,F,Khon Kaen,2026-01-11,2026-01-11 19:00:00,Beauty,2,303.06,0.0,606.12,Cash on Delivery,Returned,N,False,False,False,False,2026-01-11,ISO_UNAMBIGUOUS,False,Nont Rattanakul,False,606.12,0.0,False,False,False,False,606.12,False,False,19.0,On Time
T000594,C0109,Jane Thongdee,jane.thongdee109@example.com,F,Bangkok,2026-03-10,2026-03-10 02:00:00,Beauty,4,351.63,0.1,1265.87,PromptPay,Processing,N,False,False,False,False,10-03-2026,RESOLVED_BY_LOAD_TS (DD/MM/YYYY),False,Jane Thongdee,False,1265.87,0.0,False,False,False,False,1265.87,False,False,2.0,On Time
T000057,C0177,Ice Lertprasert,ice.lertprasert177@example.com,M,Chiang Mai,2026-01-24,2026-01-25 20:00:00,Food,2,99.51,0.0,197.76,Credit Card,Processing,N,True,False,True,False,2026-01-24,ISO_UNAMBIGUOUS,False,Ice Lertprasert,False,199.02,-1.26,True,False,False,False,197.76,False,False,44.0,Late
T000176,C0013,Narin Wongsa,narin.wongsa13@example.com,F,Khon Kaen,2026-01-17,2026-01-20 13:00:00,Fashion,6,408.72,0.05,2092.5,PromptPay,Processing,N,False,False,False,False,2026-01-17,ISO_UNAMBIGUOUS,False,Narin Wongsa,False,2329.7,0.0,False,False,False,False,2329.7,True,True,85.0,Late
T000278,C0043,Beam Rattanakul,beam.rattanakul43@example.com,M,Bangkok,2026-04-02,2026-04-02 10:00:00,Sports,6,161.62,0.05,921.23,Bank Transfer,Completed,N,True,False,True,False,02/04/2026,RESOLVED_BY_LOAD_TS (DD/MM/YYYY),False,Beam Rattanakul,False,921.23,0.0,False,False,False,False,921.23,False,False,10.0,On Time
T000157,C0046,Nont Boonmee,nont.boonmee46@example.com,F,Chiang Mai,2026-06-22,2026-06-22 19:00:00,Food,5,191.71,0.0,958.55,PromptPay,Returned,N,False,False,False,False,22/06/2026,RESOLVED_BY_CALENDAR (DD/MM/YYYY),False,Nont Boonmee,False,958.55,0.0,False,False,False,False,958.55,False,False,19.0,On Time
T000445,C0021,May Boonmee,may.boonmee21@example.com,F,Nakhon Ratchasima,2026-04-18,2026-04-18 11:00:00,Food,2,156.01,0.2,249.62,Credit Card,Processing,N,False,False,False,False,18/04/2026,RESOLVED_BY_CALENDAR (DD/MM/YYYY),False,May Boonmee,False,249.62,0.0,False,False,False,False,249.62,False,False,11.0,On Time
T000540,C0113,Tee Dechawat,tee.dechawat113@example.com,M,Rayong,2026-03-10,2026-03-10 07:00:00,Food,5,179.32,0.05,851.77,Bank Transfer,Completed,N,False,False,False,False,03/10/2026,RESOLVED_BY_LOAD_TS (MM/DD/YYYY),False,Tee Dechawat,False,851.77,0.0,False,False,False,False,851.77,False,False,7.0,On Time
T000282,C0113,Tee Dechawat,tee.dechawat113@example.com,M,Rayong,2026-05-06,2026-05-06 19:00:00,Sports,6,183.9,0.05,11530.53,PromptPay,Cancelled,Y,False,False,False,False,05/06/2026,RESOLVED_BY_LOAD_TS (MM/DD/YYYY),False,Tee Dechawat,False,1048.23,10482.3,True,False,False,False,11530.53,True,False,19.0,On Time
T000298,C0101,Boss Phromla,boss.phromla101@example.com,M,Bangkok,2026-03-11,2026-03-11 13:00:00,Beauty,2,187.88,0.1,3043.62,Bank Transfer,Returned,Y,False,False,False,False,2026-03-11,ISO_UNAMBIGUOUS,False,Boss Phromla,False,338.18,2705.44,True,False,False,False,3043.62,True,False,13.0,On Time
T000148,C0080,May Kittikul,may.kittikul80@example.com,F,Khon Kaen,2026-05-23,2026-05-23 02:00:00,Fashion,6,350.59,0.0,2092.5,Bank Transfer,Processing,N,False,False,False,False,05/23/2026,RESOLVED_BY_CALENDAR (MM/DD/YYYY),False,May Kittikul,False,2103.54,0.0,False,False,False,False,2103.54,True,True,2.0,On Time
T000426,C0072,Tee Lertprasert,tee.lertprasert72@example.com,F,Chanthaburi,2026-03-31,2026-03-31 15:00:00,Sports,2,247.84,0.2,396.54,Bank Transfer,Returned,N,False,False,False,False,2026-03-31,ISO_UNAMBIGUOUS,False,Tee Lertprasert,False,396.54,0.0,False,False,False,False,396.54,False,False,15.0,On Time
T000550,C0175,Boss Khamdee,boss.khamdee175@example.com,F,Nakhon Ratchasima,2026-01-01,2026-01-01 14:00:00,Electronics,5,128.66,0.0,643.3,Cash on Delivery,Completed,N,False,False,False,False,2026-01-01,ISO_UNAMBIGUOUS,False,Boss Khamdee,False,643.3,0.0,False,False,False,False,643.3,False,False,14.0,On Time
T000374,C0128,Ploy Khamdee,ploy.khamdee128@example.com,M,Bangkok,2026-03-25,2026-03-25 06:00:00,Sports,3,198.33,0.05,565.24,Bank Transfer,Completed,N,False,False,False,False,2026-03-25,ISO_UNAMBIGUOUS,False,Ploy Khamdee,False,565.24,0.0,False,False,False,False,565.24,False,False,6.0,On Time
T000333,C0157,Nont Rattanakul,nont.rattanakul157@example.com,F,Khon Kaen,2026-03-20,2026-03-20 13:00:00,Food,4,88.38,0.2,282.82,PromptPay,Cancelled,N,False,False,False,False,2026-03-20,ISO_UNAMBIGUOUS,False,Nont Rattanakul,False,282.82,0.0,False,False,False,False,282.82,False,False,13.0,On Time
T000073,C0076,Pim Phromla,pim.phromla76@example.com,M,Chanthaburi,2026-03-09,2026-03-09 12:00:00,Sports,6,101.8,0.0,610.8,Bank Transfer,Returned,N,False,False,False,False,2026-03-09,ISO_UNAMBIGUOUS,False,Pim Phromla,False,610.8,0.0,False,False,False,False,610.8,False,False,12.0,On Time
T000460,C0043,Beam Rattanakul,beam.rattanakul43@example.com,M,Bangkok,2026-06-07,2026-06-07 05:00:00,Sports,5,302.17,0.05,1435.31,Cash on Delivery,Completed,N,False,False,False,False,2026-06-07,ISO_UNAMBIGUOUS,False,Beam Rattanakul,False,1435.31,0.0,False,False,False,False,1435.31,False,False,5.0,On Time
T000032,C0017,Mook Rattanakul,mook.rattanakul17@example.com,F,Khon Kaen,2026-05-23,2026-05-23 17:00:00,Food,2,50.64,0.2,81.02,PromptPay,Completed,N,False,False,False,False,2026-05-23,ISO_UNAMBIGUOUS,False,Mook Rattanakul,False,81.02,0.0,False,False,False,False,81.02,False,False,17.0,On Time
T000234,C0002,Mint Thongdee,mint.thongdee2@example.com,F,Rayong,2026-06-19,2026-06-19 09:00:00,Home,5,100.99,0.05,479.7,Bank Transfer,Cancelled,N,False,False,False,False,19/06/2026,RESOLVED_BY_CALENDAR (DD/MM/YYYY),False,Mint Thongdee,False,479.7,0.0,False,False,False,False,479.7,False,False,9.0,On Time
T000579,C0041,Tee Chaiyo,tee.chaiyo41@example.com,M,Chonburi,2026-03-25,2026-03-25 02:00:00,Sports,4,372.19,0.2,1191.01,Bank Transfer,Processing,Y,False,False,False,False,2026/03/25,ISO_UNAMBIGUOUS,False,Tee Chaiyo,False,1191.01,0.0,False,False,False,False,1191.01,False,False,2.0,On Time
T000404,C0125,May Lertprasert,may.lertprasert125@example.com,F,Rayong,2026-06-07,2026-06-07 18:00:00,Fashion,2,324.16,0.2,518.66,PromptPay,Processing,N,False,False,False,False,2026-06-07,ISO_UNAMBIGUOUS,False,May Lertprasert,False,518.66,0.0,False,False,False,False,518.66,False,False,18.0,On Time
T000301,C0128,Ploy Khamdee,ploy.khamdee128@example.com,M,Bangkok,2026-01-19,2026-01-19 03:00:00,Food,6,152.16,0.0,912.96,Credit Card,Cancelled,N,False,False,False,False,01/19/2026,RESOLVED_BY_CALENDAR (MM/DD/YYYY),False,Ploy Khamdee,False,912.96,0.0,False,False,False,False,912.96,False,False,3.0,On Time
T000235,C0008,Ice Rattanakul,ice.rattanakul8@example.com,M,Chiang Mai,2026-01-13,2026-01-13 16:00:00,Electronics,6,44.37,0.05,252.91,Credit Card,Completed,N,False,False,False,False,13/01/2026,RESOLVED_BY_CALENDAR (DD/MM/YYYY),False,Ice Rattanakul,False,252.91,0.0,False,False,False,False,252.91,False,False,16.0,On Time
T000494,C0016,Korn Lertprasert,korn.lertprasert16@example.com,M,Khon Kaen,2026-04-22,2026-04-22 09:00:00,Food,3,394.57,0.0,1183.71,Cash on Delivery,Returned,N,False,False,False,False,22/04/2026,RESOLVED_BY_CALENDAR (DD/MM/YYYY),False,Korn Lertprasert,False,1183.71,0.0,False,False,False,False,1183.71,False,False,9.0,On Time
T000443,C0162,Aom Dechawat,aom.dechawat162@example.com,M,Rayong,2026-04-28,2026-04-28 13:00:00,Home,6,120.21,0.0,721.26,PromptPay,Completed,N,False,False,False,False,2026-04-28,ISO_UNAMBIGUOUS,False,Aom Dechawat,False,721.26,0.0,False,False,False,False,721.26,False,False,13.0,On Time
T000083,C0056,Mint Maneerat,mint.maneerat56@example.com,M,Rayong,2026-03-09,2026-03-09 17:00:00,Food,5,244.91,0.0,1224.55,Cash on Delivery,Processing,N,False,False,False,False,2026/03/09,ISO_UNAMBIGUOUS,False,Mint Maneerat,False,1224.55,0.0,False,False,False,False,1224.55,False,False,17.0,On Time
T000428,C0112,Pim Rattanakul,pim.rattanakul112@example.com,M,Phuket,2026-02-03,2026-02-03 03:00:00,Fashion,1,161.2,0.05,306.28,PromptPay,Processing,N,False,False,False,False,2026-02-03,ISO_UNAMBIGUOUS,False,Pim Rattanakul,True,153.14,153.14,True,False,False,False,306.28,False,False,3.0,On Time
T000454,C0033,Pim Srisawat,pim.srisawat33@example.com,M,Rayong,2026-06-11,2026-06-11 01:00:00,Sports,2,233.48,0.05,443.61,PromptPay,Processing,N,False,False,False,False,2026-06-11,ISO_UNAMBIGUOUS,False,Pim Srisawat,False,443.61,0.0,False,False,False,False,443.61,False,False,1.0,On Time
T000125,C0044,Gun Phromla,gun.phromla44@example.com,F,Chonburi,2026-06-14,2026-06-14 16:00:00,Home,1,71.84,0.0,71.84,Credit Card,Processing,N,False,False,False,False,2026-06-14,ISO_UNAMBIGUOUS,False,Gun Phromla,False,71.84,0.0,False,False,False,False,71.84,False,False,16.0,On Time
T000245,C0083,Beam Srisawat,beam.srisawat83@example.com,M,Chiang Mai,2026-02-26,2026-02-26 14:00:00,Food,3,266.88,0.0,800.64,PromptPay,Processing,N,False,False,False,False,2026-02-26,ISO_UNAMBIGUOUS,False,Beam Srisawat,False,800.64,0.0,False,False,False,False,800.64,False,False,14.0,On Time
T000296,C0030,May Thongdee,may.thongdee30@example.com,M,Nakhon Ratchasima,2026-03-25,2026-03-25 17:00:00,Electronics,4,169.87,0.1,611.53,PromptPay,Completed,N,False,False,False,False,2026/03/25,ISO_UNAMBIGUOUS,False,May Thongdee,False,611.53,0.0,False,False,False,False,611.53,False,False,17.0,On Time
T000195,C0047,Ploy Saelim,ploy.saelim47@example.com,F,Khon Kaen,2026-05-05,2026-05-05 01:00:00,Food,4,319.22,0.0,1276.88,Credit Card,Completed,N,False,False,False,False,2026-05-05,ISO_UNAMBIGUOUS,False,Ploy Saelim,False,1276.88,0.0,False,False,False,False,1276.88,False,False,1.0,On Time
T000076,C0038,Boss Kittikul,boss.kittikul38@example.com,F,Nakhon Ratchasima,2026-03-21,2026-03-21 02:00:00,Electronics,2,146.57,0.0,293.14,Credit Card,Cancelled,N,False,False,False,False,03/21/2026,RESOLVED_BY_CALENDAR (MM/DD/YYYY),False,Boss Kittikul,False,293.14,0.0,False,False,False,False,293.14,False,False,2.0,On Time
T000063,C0022,Film Kittikul,film.kittikul22@example.com,F,Nakhon Ratchasima,2026-01-11,2026-01-11 02:00:00,Sports,1,195.89,0.15,166.51,Credit Card,Cancelled,N,False,False,False,False,2026-01-11,ISO_UNAMBIGUOUS,False,Film Kittikul,False,166.51,0.0,False,False,False,False,166.51,False,False,2.0,On Time
T000181,C0121,Ice Kittikul,ice.kittikul121@example.com,M,Bangkok,2026-03-30,2026-03-30 14:00:00,Electronics,6,276.17,0.2,1325.62,Bank Transfer,Returned,N,False,False,False,False,2026-03-30,ISO_UNAMBIGUOUS,False,Ice Kittikul,False,1325.62,0.0,False,False,False,False,1325.62,False,False,14.0,On Time
T000560,C0068,Beam Sukjai,beam.sukjai68@example.com,F,Bangkok,2026-01-04,2026-01-04 14:00:00,Electronics,5,106.54,0.2,426.16,Credit Card,Unknown,N,False,False,False,False,2026/01/04,ISO_UNAMBIGUOUS,False,Beam Sukjai,False,426.16,0.0,False,False,False,True,426.16,False,False,14.0,On Time
T000222,C0135,Korn Srisawat,korn.srisawat135@example.com,F,Bangkok,2026-03-19,2026-03-19 13:00:00,Beauty,1,110.93,0.1,93.39,Credit Card,Processing,N,False,False,False,False,2026-03-19,ISO_UNAMBIGUOUS,False,Korn Srisawat,False,99.84,-6.45,True,False,False,False,93.39,False,False,13.0,On Time
T000226,C0164,Gun Srisawat,gun.srisawat164@example.com,F,Chonburi,2026-02-15,2026-02-15 10:00:00,Home,3,128.01,0.05,364.83,Bank Transfer,Returned,N,False,False,False,False,2026-02-15,ISO_UNAMBIGUOUS,False,Gun Srisawat,False,364.83,0.0,False,False,False,False,364.83,False,False,10.0,On Time
T000564,C0057,Ploy Thongdee,ploy.thongdee57@example.com,F,Nakhon Ratchasima,2026-04-06,2026-04-06 03:00:00,Beauty,6,555.53,0.1,2092.5,Cash on Delivery,Processing,N,False,False,False,False,04/06/2026,RESOLVED_BY_LOAD_TS (MM/DD/YYYY),False,Ploy Thongdee,False,2999.86,0.0,False,False,False,False,2999.86,True,True,3.0,On Time
T000338,C0123,Ploy Khamdee,ploy.khamdee123@example.com,F,Chanthaburi,2026-03-06,2026-03-06 09:00:00,Food,2,662.26,0.0,1324.52,Credit Card,Processing,N,False,False,False,False,06-03-2026,RESOLVED_BY_LOAD_TS (DD/MM/YYYY),False,Ploy Khamdee,False,1324.52,0.0,False,False,False,False,1324.52,False,False,9.0,On Time
T000048,C0151,Mook Thongdee,mook.thongdee151@example.com,M,Bangkok,2026-05-02,2026-05-05 09:00:00,Electronics,2,164.0,0.0,328.0,Cash on Delivery,Completed,N,False,False,False,False,2026/05/02,ISO_UNAMBIGUOUS,False,Mook Thongdee,False,328.0,0.0,False,False,False,False,328.0,False,False,81.0,Late
T000067,C0137,Film Boonmee,film.boonmee137@example.com,M,Khon Kaen,2026-03-07,2026-03-07 02:00:00,Home,3,77.71,0.2,186.5,PromptPay,Cancelled,N,False,False,False,False,03/07/2026,RESOLVED_BY_LOAD_TS (MM/DD/YYYY),False,Film Boonmee,False,186.5,0.0,False,False,False,False,186.5,False,False,2.0,On Time
T000092,C0008,Ice Rattanakul,ice.rattanakul8@example.com,M,Chiang Mai,2026-04-09,2026-04-09 01:00:00,Sports,4,219.68,0.05,834.78,Cash on Delivery,Cancelled,Y,False,False,False,False,04/09/2026,RESOLVED_BY_LOAD_TS (MM/DD/YYYY),False,Ice Rattanakul,False,834.78,0.0,False,False,False,False,834.78,False,False,1.0,On Time
T000230,C0141,Korn Phromla,korn.phromla141@example.com,M,Khon Kaen,2026-02-23,2026-02-23 12:00:00,Electronics,2,348.44,0.05,662.04,Credit Card,Processing,N,False,False,False,False,2026-02-23,ISO_UNAMBIGUOUS,False,Korn Phromla,False,662.04,0.0,False,False,False,False,662.04,False,False,12.0,On Time
T000036,C0067,May Pattanakul,may.pattanakul67@example.com,M,Chonburi,2026-06-15,2026-06-18 09:00:00,Home,3,158.13,0.05,450.67,PromptPay,Cancelled,N,False,False,False,False,15/06/2026,RESOLVED_BY_CALENDAR (DD/MM/YYYY),False,May Pattanakul,False,450.67,0.0,False,False,False,False,450.67,False,False,81.0,Late
T000134,C0131,Narin Rattanakul,narin.rattanakul131@example.com,F,Khon Kaen,2026-01-18,2026-01-18 12:00:00,Fashion,4,344.47,0.0,1377.88,Credit Card,Cancelled,N,False,False,False,False,2026-01-18,ISO_UNAMBIGUOUS,False,Narin Rattanakul,False,1377.88,0.0,False,False,False,False,1377.88,False,False,12.0,On Time
T000439,C0160,Mint Kittikul,mint.kittikul160@example.com,F,Chiang Mai,2026-05-21,2026-05-21 17:00:00,Sports,3,94.33,0.0,2092.5,Credit Card,Returned,N,False,False,False,False,2026-13-05,IMPUTED_FROM_LOAD_TS,True,Mint Kittikul,False,282.99,666383.01,True,False,True,False,666666.0,True,True,17.0,On Time
T000010,C0085,Aom Thongdee,aom.thongdee85@example.com,F,Chiang Mai,2026-05-09,2026-05-13 20:00:00,Home,2,259.33,0.0,518.66,Credit Card,Cancelled,N,False,False,False,False,2026-05-09,ISO_UNAMBIGUOUS,False,Aom Thongdee,False,518.66,0.0,False,False,False,False,518.66,False,False,116.0,Late
T000023,C0125,May Lertprasert,may.lertprasert125@example.com,F,Unknown,2026-05-25,2026-05-25 19:00:00,Beauty,5,97.06,0.05,324.63,PromptPay,Returned,N,False,True,False,False,25-05-2026,RESOLVED_BY_CALENDAR (DD/MM/YYYY),False,May Lertprasert,False,461.04,-136.41,True,False,False,False,324.63,False,False,19.0,On Time
T000430,C0138,Mint Dechawat,mint.dechawat138@example.com,M,Khon Kaen,2026-01-24,2026-01-24 05:00:00,Electronics,6,208.35,0.0,1250.1,Cash on Delivery,Processing,N,False,False,False,False,2026-01-24,ISO_UNAMBIGUOUS,False,Mint Dechawat,False,1250.1,0.0,False,False,False,False,1250.1,False,False,5.0,On Time
T000467,C0011,Mint Rattanakul,mint.rattanakul11@example.com,F,Chanthaburi,2026-03-05,2026-03-05 09:00:00,Fashion,6,219.12,0.0,1314.72,Cash on Delivery,Completed,N,False,False,False,False,2026-03-05,ISO_UNAMBIGUOUS,False,Mint Rattanakul,False,1314.72,0.0,False,False,False,False,1314.72,False,False,9.0,On Time
T000485,C0058,Anan Wongsa,anan.wongsa58@example.com,F,Khon Kaen,2026-01-01,2026-01-01 16:00:00,Beauty,4,221.28,0.1,796.61,Credit Card,Processing,N,True,False,True,False,01/01/2026,IDENTICAL_EITHER_WAY,False,Anan Wongsa,False,796.61,0.0,False,False,False,False,796.61,False,False,16.0,On Time
T000584,C0036,Film Maneerat,film.maneerat36@example.com,F,Chonburi,2026-02-06,2026-02-06 10:00:00,Food,2,286.09,0.2,7323.84,Bank Transfer,Completed,Y,False,False,False,False,06-02-2026,RESOLVED_BY_LOAD_TS (DD/MM/YYYY),False,Film Maneerat,False,457.74,6866.1,True,False,False,False,7323.84,True,False,10.0,On Time
T000556,C0116,Boss Wongsa,boss.wongsa116@example.com,F,Chonburi,2026-02-01,2026-02-04 20:00:00,Beauty,5,226.64,0.1,1019.88,PromptPay,Processing,N,False,False,False,False,2026-02-01,ISO_UNAMBIGUOUS,False,Boss Wongsa,False,1019.88,0.0,False,False,False,False,1019.88,False,False,92.0,Late
T000255,C0135,Korn Srisawat,korn.srisawat135@example.com,F,Bangkok,2026-05-03,2026-05-03 19:00:00,Home,6,213.05,0.0,2092.5,Cash on Delivery,Completed,N,False,False,False,False,2026-05-03,ISO_UNAMBIGUOUS,False,Korn Srisawat,False,1278.3,776498.7,True,False,True,False,777777.0,True,True,19.0,On Time
T000287,C0007,Jane Saelim,jane.saelim7@example.com,M,Chiang Mai,2026-01-09,2026-01-09 14:00:00,Food,3,187.66,0.15,478.53,Credit Card,Returned,N,True,False,True,False,2026-01-09,ISO_UNAMBIGUOUS,False,Jane Saelim,False,478.53,0.0,False,False,False,False,478.53,False,False,14.0,On Time
T000265,C0049,Gun Dechawat,gun.dechawat49@example.com,F,Nakhon Ratchasima,2026-01-21,2026-01-21 02:00:00,Electronics,1,108.13,0.2,86.5,Cash on Delivery,Completed,N,False,False,False,False,21/01/2026,RESOLVED_BY_CALENDAR (DD/MM/YYYY),False,Gun Dechawat,False,86.5,0.0,False,False,False,False,86.5,False,False,2.0,On Time
T000015,C0110,Mook Srisawat,mook.srisawat110@example.com,F,Nakhon Ratchasima,2026-01-06,2026-01-06 01:00:00,Fashion,6,233.41,0.2,1120.37,Credit Card,Completed,N,False,False,False,False,01/06/2026,RESOLVED_BY_LOAD_TS (MM/DD/YYYY),False,Mook Srisawat,False,1120.37,0.0,False,False,False,False,1120.37,False,False,1.0,On Time
T000553,C0031,Ploy Rattanakul,ploy.rattanakul31@example.com,F,Chiang Mai,2026-02-25,2026-02-25 08:00:00,Electronics,4,108.06,0.05,410.63,Bank Transfer,Processing,N,False,False,False,False,2026-02-25,ISO_UNAMBIGUOUS,False,Ploy Rattanakul,False,410.63,0.0,False,False,False,False,410.63,False,False,8.0,On Time
T900010,C0047,Ploy  Saelim,ploy.saelim47@example.com,F,Khon Kaen,2026-05-05,2026-05-05 01:00:00,Food,4,319.22,0.0,1276.88,Credit Card,Completed,N,False,False,False,False,2026-05-05,ISO_UNAMBIGUOUS,False,Ploy Saelim,False,1276.88,0.0,False,False,False,False,1276.88,False,False,1.0,On Time
T000507,C0040,Pim Srisawat,pim.srisawat40@example.com,M,Rayong,2026-02-25,2026-02-25 03:00:00,Home,4,244.96,0.2,783.87,PromptPay,Cancelled,N,False,False,False,False,2026-02-25,ISO_UNAMBIGUOUS,False,Pim Srisawat,False,783.87,0.0,False,False,False,False,783.87,False,False,3.0,On Time
T000170,C0092,Tee Wongsa,tee.wongsa92@example.com,F,Chanthaburi,2026-03-16,2026-03-16 19:00:00,Home,4,92.14,0.1,331.7,PromptPay,Processing,N,False,False,False,False,2026-03-16,ISO_UNAMBIGUOUS,False,Tee Wongsa,False,331.7,0.0,False,False,False,False,331.7,False,False,19.0,On Time
T000297,C0033,Pim Srisawat,pim.srisawat33@example.com,M,Rayong,2026-05-08,2026-05-08 15:00:00,Fashion,2,392.26,0.0,784.52,Bank Transfer,Returned,N,False,False,False,False,2026-05-08,ISO_UNAMBIGUOUS,False,Pim Srisawat,False,784.52,0.0,False,False,False,False,784.52,False,False,15.0,On Time
T000322,C0049,Gun Dechawat,gun.dechawat49@example.com,F,Nakhon Ratchasima,2026-02-26,2026-02-26 09:00:00,Fashion,4,303.39,0.15,926.95,Credit Card,Returned,N,False,False,False,False,2026-02-26,ISO_UNAMBIGUOUS,False,Gun Dechawat,False,1031.53,-104.58,True,False,False,False,926.95,False,False,9.0,On Time
T000489,C0085,Aom Thongdee,aom.thongdee85@example.com,F,Chiang Mai,2026-04-13,2026-04-16 10:00:00,Food,1,312.97,0.2,250.38,Bank Transfer,Completed,N,False,False,False,False,2026-04-13,ISO_UNAMBIGUOUS,False,Aom Thongdee,False,250.38,0.0,False,False,False,False,250.38,False,False,82.0,Late
T000016,C0016,Korn Lertprasert,korn.lertprasert16@example.com,M,Khon Kaen,2026-02-22,2026-02-22 01:00:00,Beauty,2,132.42,0.05,251.6,Cash on Delivery,Completed,N,False,False,False,False,2026-02-22,ISO_UNAMBIGUOUS,False,Korn Lertprasert,False,251.6,0.0,False,False,False,False,251.6,False,False,1.0,On Time
T000547,C0164,Gun Srisawat,gun.srisawat164@example.com,F,Chonburi,2026-03-19,2026-03-19 10:00:00,Electronics,5,199.37,0.0,996.85,Credit Card,Cancelled,N,False,False,False,False,19/03/2026,RESOLVED_BY_CALENDAR (DD/MM/YYYY),False,Gun Srisawat,False,996.85,0.0,False,False,False,False,996.85,False,False,10.0,On Time
T000192,C0144,Gun Sukjai,gun.sukjai144@example.com,M,Phuket,2026-03-07,2026-03-07 10:00:00,Food,5,98.44,0.0,492.2,Cash on Delivery,Completed,N,False,False,False,False,07/03/2026,RESOLVED_BY_LOAD_TS (DD/MM/YYYY),False,Gun Sukjai,False,492.2,0.0,False,False,False,False,492.2,False,False,10.0,On Time
T000465,C0158,Nont Kittikul,nont.kittikul158@example.com,M,Nakhon Ratchasima,2026-04-03,2026-04-03 05:00:00,Sports,6,207.01,0.15,1055.75,PromptPay,Cancelled,N,False,False,False,False,2026-04-03,ISO_UNAMBIGUOUS,False,Nont Kittikul,False,1055.75,0.0,False,False,False,False,1055.75,False,False,5.0,On Time
T000511,C0083,Beam Srisawat,beam.srisawat83@example.com,M,Chiang Mai,2026-03-24,2026-03-24 16:00:00,Beauty,4,259.71,0.0,1038.84,Cash on Delivery,Completed,N,False,False,False,False,03/24/2026,RESOLVED_BY_CALENDAR (MM/DD/YYYY),False,Beam Srisawat,False,1038.84,0.0,False,False,False,False,1038.84,False,False,16.0,On Time
T000258,C0143,Korn Srisawat,korn.srisawat143@example.com,M,Rayong,2026-05-15,2026-05-15 10:00:00,Food,3,262.19,0.1,707.91,Bank Transfer,Cancelled,N,False,True,False,True,15/05/2026,RESOLVED_BY_CALENDAR (DD/MM/YYYY),False,Korn Srisawat,False,707.91,0.0,False,False,False,False,707.91,False,False,10.0,On Time
T000377,C0029,Aom Pattanakul,aom.pattanakul29@example.com,F,Bangkok,2026-06-23,2026-06-23 06:00:00,Home,6,106.75,0.0,640.5,Credit Card,Returned,N,False,False,False,False,23/06/2026,RESOLVED_BY_CALENDAR (DD/MM/YYYY),False,Aom Pattanakul,False,640.5,0.0,False,False,False,False,640.5,False,False,6.0,On Time
T000351,C0052,Gun Dechawat,gun.dechawat52@example.com,F,Rayong,2026-03-09,2026-03-09 06:00:00,Sports,4,67.63,0.0,270.52,Cash on Delivery,Cancelled,N,False,False,False,False,2026-03-09,ISO_UNAMBIGUOUS,False,Gun Dechawat,False,270.52,0.0,False,False,False,False,270.52,False,False,6.0,On Time
T000186,C0090,Mook Sukjai,mook.sukjai90@example.com,M,Chanthaburi,2026-04-04,2026-04-04 01:00:00,Electronics,2,164.39,0.0,328.78,PromptPay,Cancelled,N,False,False,False,False,2026-04-04,ISO_UNAMBIGUOUS,False,Mook Sukjai,False,328.78,0.0,False,False,False,False,328.78,False,False,1.0,On Time
T000259,C0145,Tee Srisawat,tee.srisawat145@example.com,M,Nakhon Ratchasima,2026-05-02,2026-05-02 03:00:00,Food,6,219.95,0.15,1121.74,Bank Transfer,Cancelled,N,False,False,False,False,2026-05-02,ISO_UNAMBIGUOUS,False,Tee Srisawat,False,1121.74,0.0,False,False,False,False,1121.74,False,False,3.0,On Time
T000264,C0083,Beam Srisawat,beam.srisawat83@example.com,M,Chiang Mai,2026-06-21,2026-06-21 09:00:00,Food,3,138.51,0.15,353.2,Bank Transfer,Processing,N,False,False,False,False,2026-06-21,ISO_UNAMBIGUOUS,False,Beam Srisawat,False,353.2,0.0,False,False,False,False,353.2,False,False,9.0,On Time
T000239,C0030,May Thongdee,may.thongdee30@example.com,M,Nakhon Ratchasima,2026-02-24,2026-02-24 04:00:00,Fashion,1,344.9,0.1,310.41,PromptPay,Cancelled,N,False,False,False,False,2026-02-24,ISO_UNAMBIGUOUS,False,May Thongdee,False,310.41,0.0,False,False,False,False,310.41,False,False,4.0,On Time
T000202,C0010,Beam Sukjai,beam.sukjai10@example.com,M,Phuket,2026-03-02,2026-03-02 15:00:00,Food,3,241.49,0.1,652.02,PromptPay,Cancelled,N,False,False,False,False,02/03/2026,RESOLVED_BY_LOAD_TS (DD/MM/YYYY),False,Beam Sukjai,False,652.02,0.0,False,False,False,False,652.02,False,False,15.0,On Time
T000501,C0166,Jane Srisawat,jane.srisawat166@example.com,F,Nakhon Ratchasima,2026-03-20,2026-03-20 19:00:00,Home,6,113.14,0.15,577.01,Credit Card,Processing,N,False,False,False,False,2026-03-20,ISO_UNAMBIGUOUS,False,Jane Srisawat,False,577.01,0.0,False,False,False,False,577.01,False,False,19.0,On Time
T000339,C0120,Mook Boonmee,mook.boonmee120@example.com,M,Chonburi,2026-06-16,2026-06-16 07:00:00,Sports,1,284.82,0.1,256.34,Credit Card,Completed,N,False,False,False,False,2026-06-16,ISO_UNAMBIGUOUS,False,Mook Boonmee,False,256.34,0.0,False,False,False,False,256.34,False,False,7.0,On Time
T000305,C0062,Beam Rattanakul,beam.rattanakul62@example.com,M,Bangkok,2026-03-03,2026-03-03 13:00:00,Fashion,2,132.76,0.15,225.69,Credit Card,Completed,N,False,False,False,False,2026-03-03,ISO_UNAMBIGUOUS,False,Beam Rattanakul,False,225.69,0.0,False,False,False,False,225.69,False,False,13.0,On Time
T000109,C0029,Aom Pattanakul,aom.pattanakul29@example.com,F,Bangkok,2026-03-17,2026-03-17 14:00:00,Electronics,2,419.11,0.0,838.22,Credit Card,Processing,N,True,False,True,False,2026-03-17,ISO_UNAMBIGUOUS,False,Aom Pattanakul,False,838.22,0.0,False,False,False,False,838.22,False,False,14.0,On Time
T000391,C0131,Narin Rattanakul,narin.rattanakul131@example.com,F,Khon Kaen,2026-01-23,2026-01-23 14:00:00,Fashion,3,158.05,0.0,474.15,PromptPay,Processing,N,False,False,False,False,01/23/2026,RESOLVED_BY_CALENDAR (MM/DD/YYYY),False,Narin Rattanakul,False,474.15,0.0,False,False,False,False,474.15,False,False,14.0,On Time
T000563,C0123,Ploy Khamdee,ploy.khamdee123@example.com,F,Chanthaburi,2026-05-03,2026-05-03 07:00:00,Beauty,3,115.39,0.0,346.17,Bank Transfer,Completed,N,False,False,False,False,2026-05-03,ISO_UNAMBIGUOUS,False,Ploy Khamdee,False,346.17,0.0,False,False,False,False,346.17,False,False,7.0,On Time
T000412,C0159,Nont Dechawat,nont.dechawat159@example.com,M,Chiang Mai,2026-05-04,2026-05-04 15:00:00,Beauty,3,99.91,0.05,284.74,Cash on Delivery,Completed,N,False,False,False,False,2026-05-04,ISO_UNAMBIGUOUS,False,Nont Dechawat,False,284.74,0.0,False,False,False,False,284.74,False,False,15.0,On Time
T000591,C0037,Jane Phromla,jane.phromla37@example.com,M,Chiang Mai,2026-04-09,2026-04-09 16:00:00,Beauty,5,159.09,0.2,732.4,Cash on Delivery,Processing,N,False,False,False,False,04/09/2026,RESOLVED_BY_LOAD_TS (MM/DD/YYYY),False,Jane Phromla,False,636.36,96.04,True,False,False,False,732.4,False,False,16.0,On Time
T000471,C0105,Korn Sukjai,korn.sukjai105@example.com,F,Rayong,2026-01-06,2026-01-06 05:00:00,Home,1,199.55,0.15,169.62,PromptPay,Completed,N,False,False,False,False,06/01/2026,RESOLVED_BY_LOAD_TS (DD/MM/YYYY),False,Korn Sukjai,False,169.62,0.0,False,False,False,False,169.62,False,False,5.0,On Time
T000273,C0141,Korn Phromla,korn.phromla141@example.com,M,Khon Kaen,2026-06-08,2026-06-08 11:00:00,Electronics,3,258.82,0.0,776.46,Bank Transfer,Returned,N,False,False,False,False,2026-06-08,ISO_UNAMBIGUOUS,False,Korn Phromla,False,776.46,0.0,False,False,False,False,776.46,False,False,11.0,On Time
T000124,C0007,Jane Saelim,jane.saelim7@example.com,M,Chiang Mai,2026-06-08,2026-06-08 03:00:00,Fashion,3,113.44,0.05,323.3,Credit Card,Completed,N,False,False,False,False,2026-13-05,IMPUTED_FROM_LOAD_TS,True,Jane Saelim,False,323.3,0.0,False,False,False,False,323.3,False,False,3.0,On Time
T000182,C0039,Beam Boonmee,beam.boonmee39@example.com,M,Rayong,2026-02-14,2026-02-14 08:00:00,Sports,2,45.51,0.0,91.02,PromptPay,Completed,N,False,False,False,False,2026-02-14,ISO_UNAMBIGUOUS,False,Beam Boonmee,False,91.02,0.0,False,False,False,False,91.02,False,False,8.0,On Time
T000592,C0178,Anan Wongsa,anan.wongsa178@example.com,M,Khon Kaen,2026-05-22,2026-05-22 09:00:00,Home,5,302.17,0.2,1208.68,Bank Transfer,Processing,N,False,False,False,False,05/22/2026,RESOLVED_BY_CALENDAR (MM/DD/YYYY),False,Anan Wongsa,False,1208.68,0.0,False,False,False,False,1208.68,False,False,9.0,On Time
T000267,C0039,Beam Boonmee,beam.boonmee39@example.com,M,Rayong,2026-04-07,2026-04-07 13:00:00,Fashion,3,253.67,0.0,761.01,PromptPay,Returned,N,False,False,False,False,2026-04-07,ISO_UNAMBIGUOUS,False,Beam Boonmee,False,761.01,0.0,False,False,False,False,761.01,False,False,13.0,On Time
T000407,C0006,Pim Khamdee,pim.khamdee6@example.com,M,Nakhon Ratchasima,2026-06-11,2026-06-11 12:00:00,Electronics,1,136.65,0.0,136.65,Cash on Delivery,Completed,Y,False,False,False,False,11/06/2026,RESOLVED_BY_LOAD_TS (DD/MM/YYYY),False,Pim Khamdee,False,136.65,0.0,False,False,False,False,136.65,False,False,12.0,On Time
T000328,C0034,Fah Pattanakul,fah.pattanakul34@example.com,M,Chiang Mai,2026-01-14,2026-01-14 03:00:00,Electronics,5,175.02,0.1,787.59,PromptPay,Completed,N,False,False,False,False,2026-01-14,ISO_UNAMBIGUOUS,False,Fah Pattanakul,False,787.59,0.0,False,False,False,False,787.59,False,False,3.0,On Time
T000492,C0100,Fah Rattanakul,fah.rattanakul100@example.com,F,Bangkok,2026-03-18,2026-03-18 09:00:00,Food,1,64.15,0.2,51.32,Bank Transfer,Processing,N,False,False,False,False,2026-03-18,ISO_UNAMBIGUOUS,False,Fah Rattanakul,False,51.32,0.0,False,False,False,False,51.32,False,False,9.0,On Time
T000434,C0150,Mook Chaiyo,mook.chaiyo150@example.com,F,Chiang Mai,2026-01-04,2026-01-04 01:00:00,Food,3,568.0,0.0,1704.0,Credit Card,Processing,N,False,False,False,False,04/01/2026,RESOLVED_BY_LOAD_TS (DD/MM/YYYY),False,Mook Chaiyo,False,1704.0,0.0,False,False,False,False,1704.0,False,False,1.0,On Time
T000033,C0122,Anan Wongsa,anan.wongsa122@example.com,M,Chanthaburi,2026-06-01,2026-06-01 10:00:00,Electronics,6,111.27,0.1,513.09,PromptPay,Completed,N,False,False,False,False,2026-06-01,ISO_UNAMBIGUOUS,False,Anan Wongsa,False,600.86,-87.77,True,False,False,False,513.09,False,False,10.0,On Time
T000096,C0043,Beam Rattanakul,beam.rattanakul43@example.com,M,Bangkok,2026-01-06,2026-01-06 10:00:00,Food,3,216.75,0.15,552.71,Bank Transfer,Returned,N,False,False,False,False,2026-01-06,ISO_UNAMBIGUOUS,False,Beam Rattanakul,False,552.71,0.0,False,False,False,False,552.71,False,False,10.0,On Time
T000349,C0011,Mint Rattanakul,mint.rattanakul11@example.com,F,Chanthaburi,2026-04-15,2026-04-15 05:00:00,Electronics,6,214.11,0.0,1284.66,Credit Card,Returned,N,False,False,False,False,2026-04-15,ISO_UNAMBIGUOUS,False,Mint Rattanakul,False,1284.66,0.0,False,False,False,False,1284.66,False,False,5.0,On Time
T000552,C0139,Gun Phromla,gun.phromla139@example.com,M,Nakhon Ratchasima,2026-01-14,2026-01-14 04:00:00,Beauty,5,113.86,0.05,540.83,PromptPay,Cancelled,N,False,False,False,False,2026-01-14,ISO_UNAMBIGUOUS,False,Gun Phromla,False,540.83,0.0,False,False,False,False,540.83,False,False,4.0,On Time
T000064,C0153,Nont Chaiyo,nont.chaiyo153@example.com,F,Chiang Mai,2026-02-02,2026-02-02 04:00:00,Home,3,226.22,0.0,678.66,Cash on Delivery,Cancelled,N,False,False,False,False,2026-02-02,ISO_UNAMBIGUOUS,False,Nont Chaiyo,False,678.66,0.0,False,False,False,False,678.66,False,False,4.0,On Time
T000269,C0039,Beam Boonmee,beam.boonmee39@example.com,M,Rayong,2026-06-01,2026-06-01 16:00:00,Electronics,1,290.78,0.1,261.7,Credit Card,Cancelled,N,True,False,True,False,2026-06-01,ISO_UNAMBIGUOUS,False,Beam Boonmee,False,261.7,0.0,False,False,False,False,261.7,False,False,16.0,On Time
T000215,C0158,Nont Kittikul,nont.kittikul158@example.com,M,Nakhon Ratchasima,2026-05-12,2026-05-12 07:00:00,Beauty,2,195.18,0.15,331.81,Cash on Delivery,Processing,Y,False,False,False,False,2026-05-12,ISO_UNAMBIGUOUS,False,Nont Kittikul,False,331.81,0.0,False,False,False,False,331.81,False,False,7.0,On Time
T000039,C0066,Beam Rattanakul,beam.rattanakul66@example.com,M,Chonburi,2026-04-05,2026-04-09 14:00:00,Fashion,1,384.01,0.05,364.81,Bank Transfer,Returned,N,False,False,False,False,2026/04/05,ISO_UNAMBIGUOUS,False,Beam Rattanakul,False,364.81,0.0,False,False,False,False,364.81,False,False,110.0,Late
T000135,C0108,Anan Khamdee,anan.khamdee108@example.com,M,Nakhon Ratchasima,2026-05-02,2026-05-02 01:00:00,Beauty,2,208.75,0.1,375.75,Cash on Delivery,Completed,N,False,False,False,False,2026-05-02,ISO_UNAMBIGUOUS,False,Anan Khamdee,False,375.75,0.0,False,False,False,False,375.75,False,False,1.0,On Time
T000256,C0033,Pim Srisawat,pim.srisawat33@example.com,M,Rayong,2026-04-11,2026-04-11 13:00:00,Electronics,3,119.94,0.0,359.82,Bank Transfer,Returned,N,False,False,False,False,04/11/2026,RESOLVED_BY_LOAD_TS (MM/DD/YYYY),False,Pim Srisawat,False,359.82,0.0,False,False,False,False,359.82,False,False,13.0,On Time
T000106,C0140,Ploy Khamdee,ploy.khamdee140@example.com,F,Nakhon Ratchasima,2026-04-21,2026-04-21 04:00:00,Fashion,6,96.3,0.05,548.91,Bank Transfer,Returned,N,False,False,False,False,04/21/2026,RESOLVED_BY_CALENDAR (MM/DD/YYYY),False,Ploy Khamdee,False,548.91,0.0,False,False,False,False,548.91,False,False,4.0,On Time
T000056,C0021,May Boonmee,may.boonmee21@example.com,F,Nakhon Ratchasima,2026-02-20,2026-02-20 12:00:00,Food,5,132.65,0.1,596.93,Bank Transfer,Returned,N,False,False,False,False,20/02/2026,RESOLVED_BY_CALENDAR (DD/MM/YYYY),False,May Boonmee,False,596.93,0.0,False,False,False,False,596.93,False,False,12.0,On Time
T000490,C0135,Korn Srisawat,korn.srisawat135@example.com,F,Bangkok,2026-05-28,2026-05-28 17:00:00,Food,2,209.44,0.1,376.99,Credit Card,Completed,N,False,False,False,False,2026-05-28,ISO_UNAMBIGUOUS,False,Korn Srisawat,False,376.99,0.0,False,False,False,False,376.99,False,False,17.0,On Time
T000288,C0110,Mook Srisawat,mook.srisawat110@example.com,F,Nakhon Ratchasima,2026-06-02,2026-06-02 06:00:00,Sports,2,249.47,0.0,498.94,Credit Card,Completed,N,False,False,False,False,2026-06-02,ISO_UNAMBIGUOUS,False,Mook Srisawat,False,498.94,0.0,False,False,False,False,498.94,False,False,6.0,On Time
T000535,C0165,Nont Thongdee,nont.thongdee165@example.com,F,Nakhon Ratchasima,2026-06-16,2026-06-16 01:00:00,Sports,1,311.73,0.0,311.73,Cash on Delivery,Completed,N,False,False,False,False,2026-06-16,ISO_UNAMBIGUOUS,False,Nont Thongdee,False,311.73,0.0,False,False,False,False,311.73,False,False,1.0,On Time
T000561,C0160,Mint Kittikul,mint.kittikul160@example.com,F,Chiang Mai,2026-01-23,2026-01-23 13:00:00,Beauty,6,290.31,0.0,1741.86,Cash on Delivery,Returned,N,False,False,False,False,2026-01-23,ISO_UNAMBIGUOUS,False,Mint Kittikul,False,1741.86,0.0,False,False,False,False,1741.86,False,False,13.0,On Time
T000523,C0158,Nont Kittikul,nont.kittikul158@example.com,M,Nakhon Ratchasima,2026-02-09,2026-02-12 05:00:00,Sports,6,66.64,0.1,359.86,Cash on Delivery,Completed,N,True,False,True,False,2026-02-09,ISO_UNAMBIGUOUS,False,Nont Kittikul,False,359.86,0.0,False,False,False,False,359.86,False,False,77.0,Late
T000332,C0048,Boss Dechawat,boss.dechawat48@example.com,F,Rayong,2026-01-16,2026-01-16 08:00:00,Home,4,121.03,0.0,484.12,PromptPay,Cancelled,N,False,False,False,False,2026-01-16,ISO_UNAMBIGUOUS,False,Boss Dechawat,False,484.12,0.0,False,False,False,False,484.12,False,False,8.0,On Time
T000424,C0076,Pim Phromla,pim.phromla76@example.com,M,Chanthaburi,2026-01-19,2026-01-19 03:00:00,Electronics,1,328.23,0.0,328.23,Credit Card,Completed,N,False,False,False,False,2026-01-19,ISO_UNAMBIGUOUS,False,Pim Phromla,False,328.23,0.0,False,False,False,False,328.23,False,False,3.0,On Time
T000243,C0151,Mook Thongdee,mook.thongdee151@example.com,M,Bangkok,2026-02-10,2026-02-10 15:00:00,Home,6,352.86,0.0,2092.5,Cash on Delivery,Cancelled,N,False,False,False,False,2026-02-10,ISO_UNAMBIGUOUS,False,Mook Thongdee,False,2117.16,0.0,False,False,False,False,2117.16,True,True,15.0,On Time
T000128,C0005,Ploy Chaiyo,ploy.chaiyo5@example.com,F,Bangkok,2026-06-22,2026-06-22 13:00:00,Home,6,153.51,0.0,921.06,Credit Card,Cancelled,N,False,False,False,False,2026-06-22,ISO_UNAMBIGUOUS,False,Ploy Chaiyo,False,921.06,0.0,False,False,False,False,921.06,False,False,13.0,On Time
T000087,C0169,Boss Kittikul,boss.kittikul169@example.com,M,Nakhon Ratchasima,2026-06-18,2026-06-20 20:00:00,Food,5,143.91,0.0,719.55,Bank Transfer,Cancelled,N,False,False,False,False,2026-06-18,ISO_UNAMBIGUOUS,False,Boss Kittikul,False,719.55,0.0,False,False,False,False,719.55,False,False,68.0,Late
T000178,C0070,Pim Chaiyo,pim.chaiyo70@example.com,M,Khon Kaen,2026-03-08,2026-03-11 17:00:00,Food,5,333.14,0.1,1499.13,PromptPay,Completed,N,False,False,False,False,2026-03-08,ISO_UNAMBIGUOUS,False,Pim Chaiyo,False,1499.13,0.0,False,False,False,False,1499.13,False,False,89.0,Late
T000199,C0029,Aom Pattanakul,aom.pattanakul29@example.com,F,Bangkok,2026-02-18,2026-02-19 22:00:00,Food,2,256.96,0.1,462.53,PromptPay,Cancelled,N,False,False,False,False,2026-02-18,ISO_UNAMBIGUOUS,False,Aom Pattanakul,False,462.53,0.0,False,False,False,False,462.53,False,False,46.0,Late
T000103,C0166,Jane Srisawat,jane.srisawat166@example.com,F,Nakhon Ratchasima,2026-02-09,2026-02-09 10:00:00,Fashion,2,113.99,0.0,227.98,PromptPay,Cancelled,N,False,False,False,False,02/09/2026,RESOLVED_BY_LOAD_TS (MM/DD/YYYY),False,Jane Srisawat,False,227.98,0.0,False,False,False,False,227.98,False,False,10.0,On Time
T000566,C0064,Ploy Thongdee,ploy.thongdee64@example.com,F,Phuket,2026-03-11,2026-03-11 18:00:00,Beauty,5,308.69,0.1,1389.11,Bank Transfer,Cancelled,N,False,False,False,False,2026/03/11,ISO_UNAMBIGUOUS,False,Ploy Thongdee,False,1389.1,0.01,False,False,False,True,1389.11,False,False,18.0,On Time
T000387,C0013,Narin Wongsa,narin.wongsa13@example.com,F,Khon Kaen,2026-04-01,2026-04-01 03:00:00,Fashion,1,113.61,0.0,113.61,PromptPay,Completed,N,False,False,False,False,2026/04/01,ISO_UNAMBIGUOUS,False,Narin Wongsa,False,113.61,0.0,False,False,False,False,113.61,False,False,3.0,On Time
T000459,C0145,Tee Srisawat,tee.srisawat145@example.com,M,Nakhon Ratchasima,2026-01-16,2026-01-16 01:00:00,Home,3,192.4,0.0,577.2,Bank Transfer,Returned,N,False,False,False,False,2026-01-16,ISO_UNAMBIGUOUS,False,Tee Srisawat,False,577.2,0.0,False,False,False,False,577.2,False,False,1.0,On Time
T000554,C0147,Film Chaiyo,film.chaiyo147@example.com,M,Chiang Mai,2026-03-09,2026-03-09 13:00:00,Beauty,4,150.53,0.2,481.7,Cash on Delivery,Processing,Y,False,False,False,False,2026-03-09,ISO_UNAMBIGUOUS,False,Film Chaiyo,False,481.7,0.0,False,False,False,False,481.7,False,False,13.0,On Time
T000075,C0026,Mook Wongsa,mook.wongsa26@example.com,M,Chiang Mai,2026-04-23,2026-04-23 06:00:00,Electronics,1,124.44,0.0,124.44,Bank Transfer,Cancelled,N,False,False,False,False,23/04/2026,RESOLVED_BY_CALENDAR (DD/MM/YYYY),False,Mook Wongsa,False,124.44,0.0,False,False,False,False,124.44,False,False,6.0,On Time
T000310,C0018,Nont Chaiyo,nont.chaiyo18@example.com,M,Phuket,2026-05-23,2026-05-23 10:00:00,Beauty,6,85.56,0.0,513.36,Cash on Delivery,Cancelled,N,False,False,False,False,2026-05-23,ISO_UNAMBIGUOUS,False,Nont Chaiyo,False,513.36,0.0,False,False,False,False,513.36,False,False,10.0,On Time
T000514,C0011,Mint Rattanakul,mint.rattanakul11@example.com,F,Chanthaburi,2026-06-13,2026-06-13 03:00:00,Fashion,6,68.7,0.0,412.2,Cash on Delivery,Processing,N,False,False,False,False,2026-06-13,ISO_UNAMBIGUOUS,False,Mint Rattanakul,False,412.2,0.0,False,False,False,False,412.2,False,False,3.0,On Time
T000389,C0116,Boss Wongsa,boss.wongsa116@example.com,F,Chonburi,2026-05-04,2026-05-04 02:00:00,Sports,1,101.61,0.1,91.45,PromptPay,Cancelled,N,False,False,False,False,2026-05-04,ISO_UNAMBIGUOUS,False,Boss Wongsa,False,91.45,0.0,False,False,False,False,91.45,False,False,2.0,On Time
T000429,C0144,Gun Sukjai,gun.sukjai144@example.com,M,Phuket,2026-06-15,2026-06-15 19:00:00,Fashion,4,307.1,0.1,680.15,Credit Card,Returned,N,False,False,False,False,15-06-2026,RESOLVED_BY_CALENDAR (DD/MM/YYYY),False,Gun Sukjai,False,1105.56,-425.41,True,False,False,False,680.15,False,False,19.0,On Time
T000173,C0058,Anan Wongsa,anan.wongsa58@example.com,F,Khon Kaen,2026-04-26,2026-04-26 19:00:00,Fashion,5,204.88,0.1,921.96,Bank Transfer,Returned,N,False,False,False,False,2026-04-26,ISO_UNAMBIGUOUS,False,Anan Wongsa,False,921.96,0.0,False,False,False,False,921.96,False,False,19.0,On Time
T000533,C0133,Gun Kittikul,gun.kittikul133@example.com,F,Phuket,2026-06-08,2026-06-08 06:00:00,Home,6,232.08,0.0,1392.48,Credit Card,Processing,N,False,False,False,False,2026-06-08,ISO_UNAMBIGUOUS,False,Gun Kittikul,False,1392.48,0.0,False,False,False,False,1392.48,False,False,6.0,On Time
T000172,C0112,Pim Rattanakul,pim.rattanakul112@example.com,M,Phuket,2026-06-10,2026-06-10 01:00:00,Beauty,3,71.11,0.0,229.66,Cash on Delivery,Cancelled,N,True,False,True,False,2026-06-10,ISO_UNAMBIGUOUS,False,Pim Rattanakul,False,213.33,16.33,True,False,False,False,229.66,False,False,1.0,On Time
T000335,C0120,Mook Boonmee,mook.boonmee120@example.com,M,Chonburi,2026-01-08,2026-01-08 01:00:00,Beauty,1,169.44,0.2,135.55,PromptPay,Completed,N,False,False,False,False,2026-01-08,ISO_UNAMBIGUOUS,False,Mook Boonmee,False,135.55,0.0,False,False,False,False,135.55,False,False,1.0,On Time
T000456,C0177,Ice Lertprasert,ice.lertprasert177@example.com,M,Chiang Mai,2026-04-05,2026-04-07 13:00:00,Home,2,154.08,0.0,308.16,PromptPay,Cancelled,N,False,False,False,False,2026/04/05,ISO_UNAMBIGUOUS,False,Ice Lertprasert,False,308.16,0.0,False,False,False,False,308.16,False,False,61.0,Late
T000004,C0151,Mook Thongdee,mook.thongdee151@example.com,M,Bangkok,2026-06-11,2026-06-11 01:00:00,Beauty,5,415.29,0.1,1868.81,Credit Card,Processing,N,False,False,False,False,2026-06-11,ISO_UNAMBIGUOUS,False,Mook Thongdee,False,1868.81,0.0,False,False,False,False,1868.81,False,False,1.0,On Time
T000043,C0083,Beam Srisawat,beam.srisawat83@example.com,M,Chiang Mai,2026-02-01,2026-02-01 14:00:00,Electronics,6,296.58,0.15,1512.56,Bank Transfer,Processing,N,False,False,False,False,01/02/2026,RESOLVED_BY_LOAD_TS (DD/MM/YYYY),False,Beam Srisawat,False,1512.56,0.0,False,False,False,False,1512.56,False,False,14.0,On Time
T000463,C0153,Nont Chaiyo,nont.chaiyo153@example.com,F,Chiang Mai,2026-03-27,2026-03-27 11:00:00,Sports,6,221.64,0.0,1329.84,Credit Card,Returned,N,False,False,False,False,2026-03-27,ISO_UNAMBIGUOUS,False,Nont Chaiyo,False,1329.84,0.0,False,False,False,False,1329.84,False,False,11.0,On Time
T000586,C0016,Korn Lertprasert,korn.lertprasert16@example.com,M,Khon Kaen,2026-02-08,2026-02-08 11:00:00,Food,4,72.4,0.15,246.16,Credit Card,Returned,N,False,False,False,False,2026-02-08,ISO_UNAMBIGUOUS,False,Korn Lertprasert,False,246.16,0.0,False,False,False,False,246.16,False,False,11.0,On Time
T000005,C0110,Mook Srisawat,mook.srisawat110@example.com,F,Nakhon Ratchasima,2026-06-12,2026-06-12 09:00:00,Home,6,50.19,0.15,2559.7,Bank Transfer,Processing,Y,False,False,False,False,2026-06-12,ISO_UNAMBIGUOUS,False,Mook Srisawat,False,255.97,2303.73,True,False,False,False,2559.7,True,False,9.0,On Time
T000382,C0021,May Boonmee,may.boonmee21@example.com,F,Nakhon Ratchasima,2026-01-19,2026-01-19 05:00:00,Electronics,3,202.19,0.0,606.57,Bank Transfer,Completed,N,False,False,False,False,2026-01-19,ISO_UNAMBIGUOUS,False,May Boonmee,False,606.57,0.0,False,False,False,False,606.57,False,False,5.0,On Time
T000219,C0047,Ploy Saelim,ploy.saelim47@example.com,F,Khon Kaen,2026-02-07,2026-02-07 04:00:00,Electronics,2,133.02,0.2,212.83,Cash on Delivery,Returned,N,False,False,False,False,2026-02-07,ISO_UNAMBIGUOUS,False,Ploy Saelim,False,212.83,0.0,False,False,False,False,212.83,False,False,4.0,On Time
T000468,C0115,Korn Lertprasert,korn.lertprasert115@example.com,M,Phuket,2026-01-13,2026-01-13 12:00:00,Sports,5,231.14,0.0,1155.7,PromptPay,Cancelled,N,False,False,False,False,13/01/2026,RESOLVED_BY_CALENDAR (DD/MM/YYYY),False,Korn Lertprasert,False,1155.7,0.0,False,False,False,False,1155.7,False,False,12.0,On Time
T000519,C0114,Ploy Thongdee,ploy.thongdee114@example.com,M,Nakhon Ratchasima,2026-01-11,2026-01-11 11:00:00,Sports,2,357.73,0.05,679.69,PromptPay,Processing,N,False,False,False,False,2026-01-11,ISO_UNAMBIGUOUS,False,Ploy Thongdee,False,679.69,0.0,False,False,False,False,679.69,False,False,11.0,On Time
T000041,C0141,Korn Phromla,korn.phromla141@example.com,M,Khon Kaen,2026-06-08,2026-06-08 11:00:00,Food,3,143.49,0.05,408.95,PromptPay,Returned,N,False,False,False,False,2026-06-08,ISO_UNAMBIGUOUS,False,Korn Phromla,False,408.95,0.0,False,False,False,False,408.95,False,False,11.0,On Time
T000149,C0040,Pim Srisawat,pim.srisawat40@example.com,M,Rayong,2026-03-14,2026-03-14 02:00:00,Electronics,6,234.72,0.0,1408.32,PromptPay,Processing,N,False,False,False,False,2026-03-14,ISO_UNAMBIGUOUS,False,Pim Srisawat,False,1408.32,0.0,False,False,False,False,1408.32,False,False,2.0,On Time
T000042,C0036,Film Maneerat,film.maneerat36@example.com,F,Chonburi,2026-06-05,2026-06-05 08:00:00,Fashion,3,422.01,0.1,1139.43,Cash on Delivery,Processing,N,False,False,False,False,2026-06-05,ISO_UNAMBIGUOUS,False,Film Maneerat,False,1139.43,0.0,False,False,False,False,1139.43,False,False,8.0,On Time
T000180,C0114,Ploy Thongdee,ploy.thongdee114@example.com,M,Nakhon Ratchasima,2026-05-06,2026-05-06 03:00:00,Fashion,1,361.76,0.05,343.67,PromptPay,Processing,N,False,False,False,False,06/05/2026,RESOLVED_BY_LOAD_TS (DD/MM/YYYY),False,Ploy Thongdee,False,343.67,0.0,False,False,False,False,343.67,False,False,3.0,On Time
T000099,C0065,Pim Srisawat,pim.srisawat65@example.com,M,Nakhon Ratchasima,2026-04-28,2026-04-28 12:00:00,Food,4,174.07,0.1,626.65,Cash on Delivery,Completed,N,False,False,False,False,2026-04-28,ISO_UNAMBIGUOUS,False,Pim Srisawat,False,626.65,0.0,False,False,False,False,626.65,False,False,12.0,On Time
T000137,C0038,Boss Kittikul,boss.kittikul38@example.com,F,Nakhon Ratchasima,2026-06-29,2026-06-29 11:00:00,Food,2,264.19,0.1,475.54,PromptPay,Completed,N,False,False,False,False,2026-06-29,ISO_UNAMBIGUOUS,False,Boss Kittikul,False,475.54,0.0,False,False,False,False,475.54,False,False,11.0,On Time
T000527,C0024,Fah Boonmee,fah.boonmee24@example.com,F,Bangkok,2026-01-09,2026-01-09 07:00:00,Sports,2,202.29,0.1,364.12,Cash on Delivery,Processing,Y,False,False,False,False,2026-01-09,ISO_UNAMBIGUOUS,False,Fah Boonmee,False,364.12,0.0,False,False,False,False,364.12,False,False,7.0,On Time
T000242,C0108,Anan Khamdee,anan.khamdee108@example.com,M,Nakhon Ratchasima,2026-04-10,2026-04-10 12:00:00,Sports,6,144.15,0.05,821.66,Bank Transfer,Processing,N,False,False,False,False,2026/04/10,ISO_UNAMBIGUOUS,False,Anan Khamdee,False,821.66,0.0,False,False,False,False,821.66,False,False,12.0,On Time
T000241,C0060,Tee Maneerat,tee.maneerat60@example.com,M,Rayong,2026-03-17,2026-03-17 05:00:00,Food,6,251.32,0.0,1636.96,Bank Transfer,Returned,N,False,False,False,False,2026-03-17,ISO_UNAMBIGUOUS,False,Tee Maneerat,False,1507.92,129.04,True,False,False,False,1636.96,False,False,5.0,On Time
T000570,C0019,Korn Dechawat,korn.dechawat19@example.com,M,Nakhon Ratchasima,2026-04-04,2026-04-04 15:00:00,Electronics,1,225.45,0.0,225.45,Bank Transfer,Completed,N,False,False,False,False,2026/04/04,ISO_UNAMBIGUOUS,False,Korn Dechawat,False,225.45,0.0,False,False,False,False,225.45,False,False,15.0,On Time
T000094,C0170,Beam Boonmee,beam.boonmee170@example.com,M,Nakhon Ratchasima,2026-03-18,2026-03-18 12:00:00,Sports,4,146.05,0.2,467.36,Bank Transfer,Returned,N,False,False,False,False,2026-03-18,ISO_UNAMBIGUOUS,False,Beam Boonmee,False,467.36,0.0,False,False,False,False,467.36,False,False,12.0,On Time
T000108,C0163,Tee Thongdee,tee.thongdee163@example.com,M,Chanthaburi,2026-06-19,2026-06-19 17:00:00,Beauty,2,197.35,0.0,394.7,Bank Transfer,Returned,N,False,False,False,False,2026/06/19,ISO_UNAMBIGUOUS,False,Tee Thongdee,False,394.7,0.0,False,False,False,False,394.7,False,False,17.0,On Time
T000432,C0139,Gun Phromla,gun.phromla139@example.com,M,Nakhon Ratchasima,2026-02-03,2026-02-03 19:00:00,Home,5,137.06,0.1,616.77,Credit Card,Returned,N,False,False,False,False,02/03/2026,RESOLVED_BY_LOAD_TS (MM/DD/YYYY),False,Gun Phromla,False,616.77,0.0,False,False,False,False,616.77,False,False,19.0,On Time
T000188,C0012,Mint Pattanakul,mint.pattanakul12@example.com,M,Chiang Mai,2026-02-23,2026-02-23 17:00:00,Food,5,779.43,0.0,2092.5,PromptPay,Processing,N,False,False,False,False,2026/02/23,ISO_UNAMBIGUOUS,False,Mint Pattanakul,False,3897.15,-1162.21,True,False,False,False,2734.94,True,True,17.0,On Time
T000491,C0016,Korn Lertprasert,korn.lertprasert16@example.com,M,Khon Kaen,2026-04-05,2026-04-05 09:00:00,Food,3,216.03,0.15,550.88,Credit Card,Returned,N,False,False,False,False,2026-04-05,ISO_UNAMBIGUOUS,False,Korn Lertprasert,False,550.88,0.0,False,False,False,False,550.88,False,False,9.0,On Time
T000427,C0116,Boss Wongsa,boss.wongsa116@example.com,F,Chonburi,2026-01-19,2026-01-19 14:00:00,Beauty,3,188.05,0.1,507.74,Bank Transfer,Completed,N,False,False,False,False,2026-01-19,ISO_UNAMBIGUOUS,False,Boss Wongsa,False,507.74,0.0,False,False,False,False,507.74,False,False,14.0,On Time
T000289,C0096,Korn Dechawat,korn.dechawat96@example.com,M,Chonburi,2026-06-20,2026-06-20 18:00:00,Home,5,164.17,0.0,820.85,Bank Transfer,Processing,N,False,False,False,False,20/06/2026,RESOLVED_BY_CALENDAR (DD/MM/YYYY),False,Korn Dechawat,False,820.85,0.0,False,False,False,False,820.85,False,False,18.0,On Time
T000247,C0048,Boss Dechawat,boss.dechawat48@example.com,F,Rayong,2026-05-21,2026-05-21 05:00:00,Food,2,116.7,0.0,233.4,PromptPay,Returned,N,False,False,False,False,2026-05-21,ISO_UNAMBIGUOUS,False,Boss Dechawat,False,233.4,0.0,False,False,False,False,233.4,False,False,5.0,On Time
T000415,C0006,Pim Khamdee,pim.khamdee6@example.com,M,Nakhon Ratchasima,2026-02-02,2026-02-02 03:00:00,Food,6,224.99,0.0,1349.94,Bank Transfer,Returned,N,False,False,False,False,2026-02-02,ISO_UNAMBIGUOUS,False,Pim Khamdee,False,1349.94,0.0,False,False,False,False,1349.94,False,False,3.0,On Time
T000431,C0005,Ploy Chaiyo,ploy.chaiyo5@example.com,F,Bangkok,2026-05-15,2026-05-15 09:00:00,Food,4,368.36,0.2,1178.75,Credit Card,Processing,N,False,False,False,False,2026-05-15,ISO_UNAMBIGUOUS,False,Ploy Chaiyo,False,1178.75,0.0,False,False,False,False,1178.75,False,False,9.0,On Time
T000133,C0087,May Sukjai,may.sukjai87@example.com,M,Chanthaburi,2026-06-19,2026-06-19 11:00:00,Electronics,6,158.25,0.0,949.5,Credit Card,Returned,N,False,False,False,False,2026/06/19,ISO_UNAMBIGUOUS,False,May Sukjai,False,949.5,0.0,False,False,False,False,949.5,False,False,11.0,On Time
T000212,C0106,Korn Srisawat,korn.srisawat106@example.com,M,Rayong,2026-05-04,2026-05-04 07:00:00,Home,6,286.92,0.1,1549.37,Bank Transfer,Cancelled,N,False,False,False,False,2026-05-04,ISO_UNAMBIGUOUS,False,Korn Srisawat,False,1549.37,0.0,False,False,False,False,1549.37,False,False,7.0,On Time
T000034,C0117,Mint Phromla,mint.phromla117@example.com,F,Nakhon Ratchasima,2026-06-09,2026-06-09 10:00:00,Fashion,1,200.15,0.05,190.14,PromptPay,Completed,N,False,False,False,False,2026-06-09,ISO_UNAMBIGUOUS,False,Mint Phromla,False,190.14,0.0,False,False,False,False,190.14,False,False,10.0,On Time
T000466,C0047,Ploy Saelim,ploy.saelim47@example.com,F,Khon Kaen,2026-05-16,2026-05-16 07:00:00,Home,5,120.77,0.0,603.85,Bank Transfer,Completed,N,True,False,True,False,2026-05-16,ISO_UNAMBIGUOUS,False,Ploy Saelim,False,603.85,0.0,False,False,False,True,603.85,False,False,7.0,On Time
T000496,C0068,Beam Sukjai,beam.sukjai68@example.com,F,Bangkok,2026-03-25,2026-03-25 08:00:00,Food,5,169.79,0.1,764.05,Cash on Delivery,Processing,N,False,False,False,False,2026-03-25,ISO_UNAMBIGUOUS,False,Beam Sukjai,False,764.06,-0.01,False,False,False,False,764.05,False,False,8.0,On Time
T000376,C0166,Jane Srisawat,jane.srisawat166@example.com,F,Nakhon Ratchasima,2026-04-14,2026-04-14 05:00:00,Beauty,5,80.57,0.0,402.85,PromptPay,Completed,N,False,False,False,False,2026-04-14,ISO_UNAMBIGUOUS,False,Jane Srisawat,False,402.85,0.0,False,False,False,False,402.85,False,False,5.0,On Time
T000549,C0160,Mint Kittikul,mint.kittikul160@example.com,F,Chiang Mai,2026-01-31,2026-01-31 18:00:00,Fashion,3,313.72,0.0,941.16,Cash on Delivery,Returned,N,False,False,False,False,2026-01-31,ISO_UNAMBIGUOUS,False,Mint Kittikul,False,941.16,0.0,False,False,False,False,941.16,False,False,18.0,On Time
T000040,C0034,Fah Pattanakul,fah.pattanakul34@example.com,M,Chiang Mai,2026-01-28,2026-01-28 19:00:00,Fashion,3,156.5,0.0,493.99,Bank Transfer,Processing,N,False,False,False,False,2026-01-28,ISO_UNAMBIGUOUS,False,Fah Pattanakul,False,469.5,24.49,True,False,False,False,493.99,False,False,19.0,On Time
T000360,C0174,Ploy Kittikul,ploy.kittikul174@example.com,M,Chiang Mai,2026-04-07,2026-04-07 18:00:00,Beauty,5,188.59,0.0,942.95,Credit Card,Processing,N,False,False,False,False,2026-04-07,ISO_UNAMBIGUOUS,False,Ploy Kittikul,False,942.95,0.0,False,False,False,False,942.95,False,False,18.0,On Time
T000209,C0002,Mint Thongdee,mint.thongdee2@example.com,F,Rayong,2026-01-23,2026-01-23 06:00:00,Food,1,299.62,0.0,299.62,Cash on Delivery,Completed,N,False,False,False,False,23/01/2026,RESOLVED_BY_CALENDAR (DD/MM/YYYY),False,Mint Thongdee,False,299.62,0.0,False,False,False,False,299.62,False,False,6.0,On Time
T000055,C0021,May Boonmee,may.boonmee21@example.com,F,Nakhon Ratchasima,2026-05-04,2026-05-04 19:00:00,Food,1,96.41,0.0,96.41,Cash on Delivery,Cancelled,N,False,False,False,False,2026-05-04,ISO_UNAMBIGUOUS,False,May Boonmee,False,96.41,0.0,False,False,False,False,96.41,False,False,19.0,On Time
T000385,C0103,Tee Phromla,tee.phromla103@example.com,F,Phuket,2026-02-21,2026-02-21 03:00:00,Home,3,331.97,0.0,995.91,Credit Card,Cancelled,N,False,False,False,False,2026/02/21,ISO_UNAMBIGUOUS,False,Tee Phromla,False,995.91,0.0,False,False,False,True,995.91,False,False,3.0,On Time
T900008,C0151,Mook Thongdee,mook.thongdee151@example.com,M,Bangkok,2026-03-15,2026-03-15 07:00:00,Sports,3,269.12,0.15,686.26,Bank Transfer,Processing,N,False,False,False,False,15-03-2026,RESOLVED_BY_CALENDAR (DD/MM/YYYY),False,Mook Thongdee,False,686.26,0.0,False,False,False,False,686.26,False,False,7.0,On Time
T000400,C0153,Nont Chaiyo,nont.chaiyo153@example.com,F,Chiang Mai,2026-04-19,2026-04-19 11:00:00,Sports,3,162.55,0.0,487.65,PromptPay,Cancelled,N,False,False,False,False,19/04/2026,RESOLVED_BY_CALENDAR (DD/MM/YYYY),False,Nont Chaiyo,False,487.65,0.0,False,False,False,False,487.65,False,False,11.0,On Time
T000030,C0082,Beam Srisawat,beam.srisawat82@example.com,M,Khon Kaen,2026-06-17,2026-06-17 17:00:00,Food,3,172.18,0.05,490.71,Bank Transfer,Processing,N,False,False,False,False,17/06/2026,RESOLVED_BY_CALENDAR (DD/MM/YYYY),False,Beam Srisawat,False,490.71,0.0,False,False,False,False,490.71,False,False,17.0,On Time
T000123,C0117,Mint Phromla,mint.phromla117@example.com,F,Nakhon Ratchasima,2026-06-16,2026-06-16 14:00:00,Sports,2,90.18,0.05,171.34,Bank Transfer,Cancelled,N,False,False,False,False,2026/06/16,ISO_UNAMBIGUOUS,False,Mint Phromla,False,171.34,0.0,False,False,False,False,171.34,False,False,14.0,On Time
T000153,C0143,Korn Srisawat,korn.srisawat143@example.com,M,Rayong,2026-05-17,2026-05-17 11:00:00,Home,6,121.84,0.05,694.49,PromptPay,Cancelled,N,False,False,False,False,2026-05-17,ISO_UNAMBIGUOUS,False,Korn Srisawat,False,694.49,0.0,False,False,False,False,694.49,False,False,11.0,On Time
T000522,C0104,May Srisawat,may.srisawat104@example.com,F,Chonburi,2026-05-16,2026-05-16 06:00:00,Beauty,3,195.53,0.0,586.59,Cash on Delivery,Returned,N,False,False,False,False,2026-05-16,ISO_UNAMBIGUOUS,False,May Srisawat,False,586.59,0.0,False,False,False,False,586.59,False,False,6.0,On Time
T000357,C0137,Film Boonmee,film.boonmee137@example.com,M,Khon Kaen,2026-03-08,2026-03-08 14:00:00,Fashion,3,56.68,0.0,170.04,Cash on Delivery,Processing,N,False,False,False,False,2026-03-08,ISO_UNAMBIGUOUS,False,Film Boonmee,False,170.04,0.0,False,False,False,False,170.04,False,False,14.0,On Time
T000131,C0108,Anan Khamdee,anan.khamdee108@example.com,M,Nakhon Ratchasima,2026-06-24,2026-06-24 04:00:00,Beauty,6,265.91,0.0,1595.46,Bank Transfer,Returned,N,False,False,False,False,2026-06-24,ISO_UNAMBIGUOUS,False,Anan Khamdee,False,1595.46,0.0,False,False,False,False,1595.46,False,False,4.0,On Time
T000493,C0173,Tee Wongsa,tee.wongsa173@example.com,M,Phuket,2026-02-03,2026-02-03 03:00:00,Beauty,3,286.06,0.0,858.18,Bank Transfer,Returned,N,False,False,False,False,2026-02-03,ISO_UNAMBIGUOUS,False,Tee Wongsa,False,858.18,0.0,False,False,False,False,858.18,False,False,3.0,On Time
T000409,C0072,Tee Lertprasert,tee.lertprasert72@example.com,F,Chanthaburi,2026-05-22,2026-05-22 05:00:00,Food,6,378.53,0.1,2044.06,Cash on Delivery,Processing,N,False,False,False,False,not_a_date,IMPUTED_FROM_LOAD_TS,True,Tee Lertprasert,False,2044.06,0.0,False,False,False,False,2044.06,False,False,5.0,On Time
T000406,C0028,Korn Rattanakul,korn.rattanakul28@example.com,M,Chonburi,2026-03-11,2026-03-11 07:00:00,Home,2,754.26,0.0,19610.76,Credit Card,Processing,Y,False,False,False,False,2026-03-11,ISO_UNAMBIGUOUS,False,Korn Rattanakul,False,1508.52,18102.24,True,False,False,False,19610.76,True,False,7.0,On Time
T000562,C0146,Beam Maneerat,beam.maneerat146@example.com,F,Chanthaburi,2026-04-17,2026-04-17 13:00:00,Home,3,326.41,0.05,930.27,Bank Transfer,Cancelled,N,False,False,False,False,17/04/2026,RESOLVED_BY_CALENDAR (DD/MM/YYYY),False,Beam Maneerat,False,930.27,0.0,False,False,False,False,930.27,False,False,13.0,On Time
T000072,C0097,Ploy Boonmee,ploy.boonmee97@example.com,F,Chiang Mai,2026-01-10,2026-01-10 19:00:00,Sports,4,66.11,0.0,264.44,Bank Transfer,Completed,N,False,False,False,False,10/01/2026,RESOLVED_BY_LOAD_TS (DD/MM/YYYY),False,Ploy Boonmee,False,264.44,0.0,False,False,False,False,264.44,False,False,19.0,On Time
T000361,C0007,Jane Saelim,jane.saelim7@example.com,M,Chiang Mai,2026-06-24,2026-06-24 09:00:00,Beauty,1,170.79,0.2,136.63,PromptPay,Completed,N,True,False,True,False,24/06/2026,RESOLVED_BY_CALENDAR (DD/MM/YYYY),False,Jane Saelim,False,136.63,0.0,False,False,False,False,136.63,False,False,9.0,On Time
T000314,C0135,Korn Srisawat,korn.srisawat135@example.com,F,Bangkok,2026-03-31,2026-03-31 11:00:00,Food,4,175.32,0.05,666.22,Bank Transfer,Cancelled,N,False,False,False,False,2026-03-31,ISO_UNAMBIGUOUS,False,Korn Srisawat,False,666.22,0.0,False,False,False,False,666.22,False,False,11.0,On Time
T000384,C0138,Mint Dechawat,mint.dechawat138@example.com,M,Khon Kaen,2026-01-13,2026-01-13 06:00:00,Beauty,4,268.67,0.1,1110.52,Credit Card,Processing,N,True,False,True,False,2026-01-13,ISO_UNAMBIGUOUS,False,Mint Dechawat,False,967.21,143.31,True,False,False,False,1110.52,False,False,6.0,On Time
T000263,C0064,Ploy Thongdee,ploy.thongdee64@example.com,F,Phuket,2026-03-06,2026-03-10 10:00:00,Food,4,242.46,0.1,872.86,Credit Card,Completed,N,False,False,False,False,2026-03-06,ISO_UNAMBIGUOUS,False,Ploy Thongdee,False,872.86,0.0,False,False,False,False,872.86,False,False,106.0,Late
T000060,C0158,Nont Kittikul,nont.kittikul158@example.com,M,Nakhon Ratchasima,2026-03-04,2026-03-04 15:00:00,Beauty,5,97.05,0.15,412.46,Credit Card,Returned,N,False,False,False,False,2026/03/04,ISO_UNAMBIGUOUS,False,Nont Kittikul,False,412.46,0.0,False,False,False,False,412.46,False,False,15.0,On Time
T000271,C0039,Beam Boonmee,beam.boonmee39@example.com,M,Rayong,2026-05-04,2026-05-04 08:00:00,Home,6,162.55,0.0,975.3,PromptPay,Cancelled,N,False,False,False,False,2026-05-04,ISO_UNAMBIGUOUS,False,Beam Boonmee,False,975.3,0.0,False,False,False,False,975.3,False,False,8.0,On Time
T000355,C0031,Ploy Rattanakul,ploy.rattanakul31@example.com,F,Chiang Mai,2026-05-19,2026-05-19 06:00:00,Electronics,20,286.94,0.0,860.82,Bank Transfer,Completed,N,False,False,False,False,05/19/2026,RESOLVED_BY_CALENDAR (MM/DD/YYYY),False,Ploy Rattanakul,True,5738.8,-4877.98,True,False,False,False,860.82,False,False,6.0,On Time
T000503,C0089,May Sukjai,may.sukjai89@example.com,F,Chiang Mai,2026-04-11,2026-04-11 07:00:00,Electronics,3,129.73,0.2,311.35,Cash on Delivery,Completed,Y,False,False,False,False,2026-04-11,ISO_UNAMBIGUOUS,False,May Sukjai,False,311.35,0.0,False,False,False,False,311.35,False,False,7.0,On Time
T000388,C0115,Korn Lertprasert,korn.lertprasert115@example.com,M,Phuket,2026-04-23,2026-04-23 06:00:00,Sports,4,71.99,0.1,192.82,Cash on Delivery,Completed,N,False,False,False,False,2026-04-23,ISO_UNAMBIGUOUS,False,Korn Lertprasert,False,259.16,-66.34,True,False,False,False,192.82,False,False,6.0,On Time
T000217,C0127,Fah Rattanakul,fah.rattanakul127@example.com,F,Rayong,2026-05-10,2026-05-10 10:00:00,Fashion,4,97.44,0.0,403.5,PromptPay,Completed,N,False,False,False,False,2026/05/10,ISO_UNAMBIGUOUS,False,Fah Rattanakul,False,389.76,13.74,True,False,False,False,403.5,False,False,10.0,On Time
T000013,C0124,Aom Thongdee,aom.thongdee124@example.com,F,Khon Kaen,2026-05-21,2026-05-21 14:00:00,Electronics,5,375.75,0.0,1664.62,Cash on Delivery,Processing,N,True,False,True,False,2026/05/21,ISO_UNAMBIGUOUS,False,Aom Thongdee,False,1878.75,-214.13,True,False,False,False,1664.62,False,False,14.0,On Time
T000147,C0038,Boss Kittikul,boss.kittikul38@example.com,F,Nakhon Ratchasima,2026-05-17,2026-05-17 03:00:00,Fashion,6,400.11,0.0,2092.5,PromptPay,Processing,N,False,False,False,False,2026-05-17,ISO_UNAMBIGUOUS,False,Boss Kittikul,False,2400.66,0.0,False,False,False,False,2400.66,True,True,3.0,On Time
T000312,C0012,Mint Pattanakul,mint.pattanakul12@example.com,M,Chiang Mai,2026-03-25,2026-03-25 09:00:00,Home,1,373.85,0.1,336.47,Bank Transfer,Completed,N,True,False,True,False,2026-03-25,ISO_UNAMBIGUOUS,False,Mint Pattanakul,False,336.46,0.01,False,False,False,False,336.47,False,False,9.0,On Time
T000285,C0028,Korn Rattanakul,korn.rattanakul28@example.com,M,Chonburi,2026-06-09,2026-06-09 11:00:00,Food,6,230.09,0.0,1380.54,Cash on Delivery,Completed,N,False,False,False,False,2026-06-09,ISO_UNAMBIGUOUS,False,Korn Rattanakul,False,1380.54,0.0,False,False,False,False,1380.54,False,False,11.0,On Time
T000101,C0074,Ice Kittikul,ice.kittikul74@example.com,M,Chonburi,2026-05-08,2026-05-08 06:00:00,Fashion,5,370.47,0.0,1852.35,Credit Card,Completed,N,False,False,False,False,2026-05-08,ISO_UNAMBIGUOUS,False,Ice Kittikul,False,1852.35,0.0,False,False,False,False,1852.35,False,False,6.0,On Time
T000257,C0060,Tee Maneerat,tee.maneerat60@example.com,M,Rayong,2026-03-24,2026-03-24 10:00:00,Electronics,2,217.62,0.0,435.24,Credit Card,Completed,N,False,False,False,False,2026-03-24,ISO_UNAMBIGUOUS,False,Tee Maneerat,False,435.24,0.0,False,False,False,False,435.24,False,False,10.0,On Time
T000369,C0144,Gun Sukjai,gun.sukjai144@example.com,M,Phuket,2026-01-24,2026-01-24 16:00:00,Sports,3,379.61,0.0,1138.83,Cash on Delivery,Processing,N,False,False,False,False,24/01/2026,RESOLVED_BY_CALENDAR (DD/MM/YYYY),False,Gun Sukjai,False,1138.83,0.0,False,False,False,False,1138.83,False,False,16.0,On Time
T000151,C0003,Mint Thongdee,unknown_C0003@unknown.local,M,Phuket,2026-05-13,2026-05-13 04:00:00,Electronics,5,221.56,0.15,941.63,Credit Card,Completed,N,True,False,False,False,2026-05-13,ISO_UNAMBIGUOUS,False,Mint Thongdee,False,941.63,0.0,False,False,False,False,941.63,False,False,4.0,On Time
T000194,C0002,Mint Thongdee,mint.thongdee2@example.com,F,Rayong,2026-06-02,2026-06-02 03:00:00,Fashion,3,100.22,0.05,285.63,Cash on Delivery,Completed,N,False,False,False,False,02/06/2026,RESOLVED_BY_LOAD_TS (DD/MM/YYYY),False,Mint Thongdee,False,285.63,0.0,False,False,False,False,285.63,False,False,3.0,On Time
T000378,C0047,Ploy Saelim,ploy.saelim47@example.com,F,Khon Kaen,2026-05-18,2026-05-18 17:00:00,Home,2,149.97,0.05,284.94,Bank Transfer,Processing,N,False,False,False,False,2026-05-18,ISO_UNAMBIGUOUS,False,Ploy Saelim,False,284.94,0.0,False,False,False,False,284.94,False,False,17.0,On Time
T000081,C0005,Ploy Chaiyo,ploy.chaiyo5@example.com,F,Bangkok,2026-06-10,2026-06-11 09:00:00,Food,3,95.64,0.1,258.23,Credit Card,Processing,N,True,False,True,False,2026-06-10,ISO_UNAMBIGUOUS,False,Ploy Chaiyo,False,258.23,0.0,False,False,False,False,258.23,False,False,33.0,Late
T000218,C0082,Beam Srisawat,beam.srisawat82@example.com,M,Khon Kaen,2026-02-06,2026-02-06 13:00:00,Sports,5,59.38,0.0,296.9,Cash on Delivery,Completed,N,False,False,False,False,02/06/2026,RESOLVED_BY_LOAD_TS (MM/DD/YYYY),False,Beam Srisawat,False,296.9,0.0,False,False,False,False,296.9,False,False,13.0,On Time
T000132,C0101,Boss Phromla,boss.phromla101@example.com,M,Bangkok,2026-05-16,2026-05-20 17:00:00,Sports,4,389.96,0.1,1403.86,Bank Transfer,Cancelled,N,False,False,False,False,2026-05-16,ISO_UNAMBIGUOUS,False,Boss Phromla,False,1403.86,0.0,False,False,False,False,1403.86,False,False,113.0,Late
T000164,C0114,Ploy Thongdee,ploy.thongdee114@example.com,M,Nakhon Ratchasima,2026-02-15,2026-02-18 15:00:00,Food,5,99.6,0.1,448.2,Bank Transfer,Returned,N,False,False,False,False,2026/02/15,ISO_UNAMBIGUOUS,False,Ploy Thongdee,False,448.2,0.0,False,False,False,False,448.2,False,False,87.0,Late
T000455,C0023,Beam Boonmee,beam.boonmee23@example.com,M,Khon Kaen,2026-06-03,2026-06-03 03:00:00,Electronics,2,348.59,0.1,627.46,Cash on Delivery,Processing,N,False,False,False,False,03/06/2026,RESOLVED_BY_LOAD_TS (DD/MM/YYYY),False,Beam Boonmee,False,627.46,0.0,False,False,False,False,627.46,False,False,3.0,On Time
T000478,C0122,Anan Wongsa,anan.wongsa122@example.com,M,Chanthaburi,2026-03-16,2026-03-16 18:00:00,Fashion,2,367.69,0.0,735.38,Credit Card,Cancelled,N,False,False,False,False,2026/03/16,ISO_UNAMBIGUOUS,False,Anan Wongsa,False,735.38,0.0,False,False,False,False,735.38,False,False,18.0,On Time
T000536,C0151,Mook Thongdee,mook.thongdee151@example.com,M,Bangkok,2026-03-15,2026-03-15 07:00:00,Sports,3,269.12,0.15,686.26,Bank Transfer,Processing,N,False,False,False,False,15-03-2026,RESOLVED_BY_CALENDAR (DD/MM/YYYY),False,Mook Thongdee,False,686.26,0.0,False,False,False,False,686.26,False,False,7.0,On Time
T000193,C0128,Ploy Khamdee,ploy.khamdee128@example.com,M,Bangkok,2026-01-17,2026-01-17 02:00:00,Sports,3,144.29,0.2,346.3,Bank Transfer,Returned,N,False,False,False,False,2026-01-17,ISO_UNAMBIGUOUS,False,Ploy Khamdee,False,346.3,0.0,False,False,False,False,346.3,False,False,2.0,On Time
T000366,C0134,Pim Wongsa,pim.wongsa134@example.com,M,Chanthaburi,2026-05-01,2026-05-01 14:00:00,Fashion,5,311.08,0.0,1555.4,Bank Transfer,Returned,N,False,False,False,False,2026-05-01,ISO_UNAMBIGUOUS,False,Pim Wongsa,False,1555.4,0.0,False,False,False,False,1555.4,False,False,14.0,On Time
T000539,C0055,Beam Thongdee,beam.thongdee55@example.com,M,Chonburi,2026-03-25,2026-03-25 03:00:00,Home,1,238.15,0.0,238.15,Cash on Delivery,Completed,N,False,False,False,False,2026/03/25,ISO_UNAMBIGUOUS,False,Beam Thongdee,False,238.15,0.0,False,False,False,False,238.15,False,False,3.0,On Time
T000114,C0145,Tee Srisawat,tee.srisawat145@example.com,M,Nakhon Ratchasima,2026-04-21,2026-04-21 12:00:00,Beauty,3,178.6,0.1,482.22,Bank Transfer,Cancelled,N,False,False,False,False,2026-04-21,ISO_UNAMBIGUOUS,False,Tee Srisawat,False,482.22,0.0,False,False,False,False,482.22,False,False,12.0,On Time
T000450,C0120,Mook Boonmee,mook.boonmee120@example.com,M,Chonburi,2026-04-03,2026-04-03 17:00:00,Electronics,5,298.23,0.0,1491.15,Bank Transfer,Cancelled,N,False,False,False,False,04/03/2026,RESOLVED_BY_LOAD_TS (MM/DD/YYYY),False,Mook Boonmee,False,1491.15,0.0,False,False,False,False,1491.15,False,False,17.0,On Time
T000136,C0033,Pim Srisawat,pim.srisawat33@example.com,M,Rayong,2026-05-26,2026-05-26 17:00:00,Sports,4,157.09,0.2,502.69,Credit Card,Completed,N,False,False,False,False,05/26/2026,RESOLVED_BY_CALENDAR (MM/DD/YYYY),False,Pim Srisawat,False,502.69,0.0,False,False,False,False,502.69,False,False,17.0,On Time
T000495,C0082,Beam Srisawat,beam.srisawat82@example.com,M,Khon Kaen,2026-02-10,2026-02-10 02:00:00,Beauty,1,450.25,0.05,427.74,PromptPay,Processing,N,False,False,False,False,10/02/2026,RESOLVED_BY_LOAD_TS (DD/MM/YYYY),False,Beam Srisawat,False,427.74,0.0,False,False,False,False,427.74,False,False,2.0,On Time
T000017,C0018,Nont Chaiyo,nont.chaiyo18@example.com,M,Phuket,2026-01-27,2026-01-27 11:00:00,Home,1,128.16,0.05,121.75,PromptPay,Processing,N,False,False,False,False,2026-01-27,ISO_UNAMBIGUOUS,False,Nont Chaiyo,False,121.75,0.0,False,False,False,False,121.75,False,False,11.0,On Time
T000557,C0173,Tee Wongsa,tee.wongsa173@example.com,M,Phuket,2026-05-12,2026-05-12 08:00:00,Food,3,160.58,0.2,385.39,Cash on Delivery,Completed,Y,False,False,False,False,05/12/2026,RESOLVED_BY_LOAD_TS (MM/DD/YYYY),False,Tee Wongsa,False,385.39,0.0,False,False,False,False,385.39,False,False,8.0,On Time
T000071,C0137,Film Boonmee,film.boonmee137@example.com,M,Khon Kaen,2026-01-16,2026-01-16 15:00:00,Fashion,2,478.1,0.15,812.77,PromptPay,Cancelled,N,True,False,True,False,2026-01-16,ISO_UNAMBIGUOUS,False,Film Boonmee,False,812.77,0.0,False,False,False,False,812.77,False,False,15.0,On Time
T000031,C0069,Jane Saelim,jane.saelim69@example.com,M,Khon Kaen,2026-05-10,2026-05-10 12:00:00,Electronics,3,101.59,0.05,289.53,Credit Card,Cancelled,N,True,False,True,False,2026-05-10,ISO_UNAMBIGUOUS,False,Jane Saelim,False,289.53,0.0,False,False,False,False,289.53,False,False,12.0,On Time
T000142,C0128,Ploy Khamdee,ploy.khamdee128@example.com,M,Bangkok,2026-04-01,2026-04-01 13:00:00,Electronics,2,143.96,0.15,244.73,Cash on Delivery,Completed,N,False,False,False,False,2026-04-01,ISO_UNAMBIGUOUS,False,Ploy Khamdee,False,244.73,0.0,False,False,False,False,244.73,False,False,13.0,On Time
T000578,C0015,New Pattanakul,new.pattanakul15@example.com,F,Bangkok,2026-03-28,2026-03-28 11:00:00,Beauty,4,447.52,0.2,1432.06,Cash on Delivery,Returned,N,False,False,False,False,03/28/2026,RESOLVED_BY_CALENDAR (MM/DD/YYYY),False,New Pattanakul,False,1432.06,0.0,False,False,False,False,1432.06,False,False,11.0,On Time
T000402,C0167,Anan Sukjai,anan.sukjai167@example.com,M,Nakhon Ratchasima,2026-02-17,2026-02-17 14:00:00,Fashion,3,81.2,0.0,243.6,Credit Card,Cancelled,N,False,False,False,False,17/02/2026,RESOLVED_BY_CALENDAR (DD/MM/YYYY),False,Anan Sukjai,False,243.6,0.0,False,False,False,False,243.6,False,False,14.0,On Time
T000516,C0063,Korn Wongsa,korn.wongsa63@example.com,M,Bangkok,2026-06-09,2026-06-09 09:00:00,Sports,1,104.25,0.15,88.61,Bank Transfer,Completed,N,False,False,False,False,2026-06-09,ISO_UNAMBIGUOUS,False,Korn Wongsa,False,88.61,0.0,False,False,False,False,88.61,False,False,9.0,On Time
T000011,C0046,Nont Boonmee,nont.boonmee46@example.com,F,Chiang Mai,2026-06-11,2026-06-11 15:00:00,Food,5,54.49,0.0,272.45,Credit Card,Cancelled,N,False,False,False,False,06/11/2026,RESOLVED_BY_LOAD_TS (MM/DD/YYYY),False,Nont Boonmee,False,272.45,0.0,False,False,False,False,272.45,False,False,15.0,On Time
T000422,C0061,Tee Maneerat,tee.maneerat61@example.com,M,Chiang Mai,2026-04-19,2026-04-19 17:00:00,Beauty,2,113.88,0.0,257.22,Credit Card,Returned,N,False,False,False,False,19-04-2026,RESOLVED_BY_CALENDAR (DD/MM/YYYY),False,Tee Maneerat,False,227.76,29.46,True,False,False,False,257.22,False,False,17.0,On Time
T000487,C0013,Narin Wongsa,narin.wongsa13@example.com,F,Khon Kaen,2026-02-05,2026-02-05 18:00:00,Food,1,343.93,0.1,309.54,Bank Transfer,Cancelled,N,False,False,False,False,2026-02-05,ISO_UNAMBIGUOUS,False,Narin Wongsa,False,309.54,0.0,False,False,False,False,309.54,False,False,18.0,On Time
T000227,C0079,Mook Srisawat,mook.srisawat79@example.com,F,Chanthaburi,2026-05-27,2026-05-27 04:00:00,Electronics,3,122.62,0.0,367.86,Cash on Delivery,Returned,N,False,False,False,False,05/27/2026,RESOLVED_BY_CALENDAR (MM/DD/YYYY),False,Mook Srisawat,False,367.86,0.0,False,False,False,False,367.86,False,False,4.0,On Time
T000053,C0116,Boss Wongsa,boss.wongsa116@example.com,F,Chonburi,2026-04-07,2026-04-07 13:00:00,Home,3,211.11,0.05,601.66,PromptPay,Returned,N,False,False,False,False,2026-04-07,ISO_UNAMBIGUOUS,False,Boss Wongsa,False,601.66,0.0,False,False,False,False,601.66,False,False,13.0,On Time
T000047,C0131,Narin Rattanakul,narin.rattanakul131@example.com,F,Khon Kaen,2026-04-04,2026-04-08 22:00:00,Sports,2,85.82,0.1,154.48,Credit Card,Cancelled,N,False,False,False,False,04-04-2026,IDENTICAL_EITHER_WAY,False,Narin Rattanakul,False,154.48,0.0,False,False,False,False,154.48,False,False,118.0,Late
T000470,C0046,Nont Boonmee,nont.boonmee46@example.com,F,Chiang Mai,2026-04-17,2026-04-17 07:00:00,Electronics,3,76.17,0.0,228.51,Credit Card,Completed,N,True,False,True,False,17/04/2026,RESOLVED_BY_CALENDAR (DD/MM/YYYY),False,Nont Boonmee,False,228.51,0.0,False,False,False,False,228.51,False,False,7.0,On Time
T000538,C0010,Beam Sukjai,beam.sukjai10@example.com,M,Phuket,2026-03-20,2026-03-20 08:00:00,Fashion,1,145.78,0.05,90.24,PromptPay,Returned,N,False,False,False,False,2026/03/20,ISO_UNAMBIGUOUS,False,Beam Sukjai,False,138.49,-48.25,True,False,False,False,90.24,False,False,8.0,On Time
T000262,C0091,Beam Maneerat,beam.maneerat91@example.com,M,Chonburi,2026-06-03,2026-06-03 09:00:00,Beauty,1,451.69,0.0,451.69,Credit Card,Returned,N,False,False,False,False,03/06/2026,RESOLVED_BY_LOAD_TS (DD/MM/YYYY),False,Beam Maneerat,False,451.69,0.0,False,False,False,False,451.69,False,False,9.0,On Time
T000156,C0174,Ploy Kittikul,ploy.kittikul174@example.com,M,Chiang Mai,2026-03-18,2026-03-18 11:00:00,Fashion,4,301.08,0.0,1204.32,Bank Transfer,Processing,N,False,False,False,False,2026-03-18,ISO_UNAMBIGUOUS,False,Ploy Kittikul,False,1204.32,0.0,False,False,False,False,1204.32,False,False,11.0,On Time
T000386,C0049,Gun Dechawat,gun.dechawat49@example.com,F,Nakhon Ratchasima,2026-03-26,2026-03-26 16:00:00,Home,6,91.88,0.0,2092.5,Credit Card,Completed,N,False,False,False,False,2026-03-26,ISO_UNAMBIGUOUS,False,Gun Dechawat,False,551.28,999447.72,True,False,True,False,999999.0,True,True,16.0,On Time
T000373,C0052,Gun Dechawat,gun.dechawat52@example.com,F,Rayong,2026-03-17,2026-03-17 19:00:00,Beauty,2,211.43,0.0,422.86,Credit Card,Cancelled,N,False,False,False,False,2026-03-17,ISO_UNAMBIGUOUS,False,Gun Dechawat,False,422.86,0.0,False,False,False,False,422.86,False,False,19.0,On Time
T000517,C0155,Korn Srisawat,korn.srisawat155@example.com,F,Phuket,2026-02-08,2026-02-08 18:00:00,Home,2,527.03,0.0,1054.06,Cash on Delivery,Returned,N,False,False,False,False,2026-02-08,ISO_UNAMBIGUOUS,False,Korn Srisawat,False,1054.06,0.0,False,False,False,False,1054.06,False,False,18.0,On Time
T000325,C0008,Ice Rattanakul,ice.rattanakul8@example.com,M,Chiang Mai,2026-03-30,2026-03-30 08:00:00,Electronics,1,191.52,0.0,191.52,Cash on Delivery,Cancelled,N,False,False,False,False,2026/03/30,ISO_UNAMBIGUOUS,False,Ice Rattanakul,False,191.52,0.0,False,False,False,False,191.52,False,False,8.0,On Time
T000597,C0052,Gun Dechawat,gun.dechawat52@example.com,F,Rayong,2026-03-30,2026-03-30 02:00:00,Beauty,1,426.97,0.0,426.97,PromptPay,Returned,N,True,False,True,False,2026-03-30,ISO_UNAMBIGUOUS,False,Gun Dechawat,False,426.97,0.0,False,False,False,False,426.97,False,False,2.0,On Time
T000190,C0147,Film Chaiyo,film.chaiyo147@example.com,M,Chiang Mai,2026-01-24,2026-01-24 04:00:00,Home,1,160.97,0.05,152.92,Cash on Delivery,Completed,N,False,False,False,False,24-01-2026,RESOLVED_BY_CALENDAR (DD/MM/YYYY),False,Film Chaiyo,False,152.92,0.0,False,False,False,False,152.92,False,False,4.0,On Time
T900005,C0090,Mook Sukjai,mook.sukjai90@example.com,M,Chanthaburi,2026-04-04,2026-04-04 01:00:00,Electronics,2,164.39,0.0,328.78,PromptPay,Cancelled,N,False,False,False,False,2026-04-04,ISO_UNAMBIGUOUS,False,Mook Sukjai,False,328.78,0.0,False,False,False,False,328.78,False,False,1.0,On Time
T000480,C0159,Nont Dechawat,nont.dechawat159@example.com,M,Chiang Mai,2026-02-15,2026-02-15 05:00:00,Food,4,637.89,0.0,2092.5,PromptPay,Completed,N,False,False,False,False,2026-02-15,ISO_UNAMBIGUOUS,False,Nont Dechawat,False,2551.56,0.0,False,False,False,False,2551.56,True,True,5.0,On Time
T000504,C0034,Fah Pattanakul,fah.pattanakul34@example.com,M,Chiang Mai,2026-05-24,2026-05-24 04:00:00,Home,2,166.19,0.0,332.38,Cash on Delivery,Processing,N,False,False,False,False,2026-05-24,ISO_UNAMBIGUOUS,False,Fah Pattanakul,False,332.38,0.0,False,False,False,False,332.38,False,False,4.0,On Time
T000085,C0002,Mint Thongdee,mint.thongdee2@example.com,F,Rayong,2026-02-10,2026-02-10 17:00:00,Beauty,2,207.86,0.15,353.36,Cash on Delivery,Cancelled,N,False,False,False,False,2026-02-10,ISO_UNAMBIGUOUS,False,Mint Thongdee,False,353.36,0.0,False,False,False,False,353.36,False,False,17.0,On Time
T000324,C0102,Nont Saelim,nont.saelim102@example.com,M,Chanthaburi,2026-02-06,2026-02-06 02:00:00,Sports,4,324.36,0.0,1297.44,Bank Transfer,Returned,N,False,False,False,False,2026/02/06,ISO_UNAMBIGUOUS,False,Nont Saelim,False,1297.44,0.0,False,False,False,False,1297.44,False,False,2.0,On Time
T000201,C0014,Beam Thongdee,beam.thongdee14@example.com,M,Chonburi,2026-01-28,2026-01-28 19:00:00,Fashion,1,379.52,0.0,379.52,PromptPay,Processing,N,False,False,False,False,2026-01-28,ISO_UNAMBIGUOUS,False,Beam Thongdee,False,379.52,0.0,False,False,False,False,379.52,False,False,19.0,On Time
T000223,C0158,Nont Kittikul,nont.kittikul158@example.com,M,Nakhon Ratchasima,2026-03-13,2026-03-13 09:00:00,Sports,2,164.8,0.0,329.6,Bank Transfer,Cancelled,N,False,False,False,False,2026-03-13,ISO_UNAMBIGUOUS,False,Nont Kittikul,False,329.6,0.0,False,False,False,False,329.6,False,False,9.0,On Time
T000249,C0077,Tee Chaiyo,tee.chaiyo77@example.com,F,Khon Kaen,2026-04-30,2026-04-30 10:00:00,Electronics,4,393.3,0.0,1573.2,Credit Card,Cancelled,N,False,False,False,False,2026-04-30,ISO_UNAMBIGUOUS,False,Tee Chaiyo,False,1573.2,0.0,False,False,False,False,1573.2,False,False,10.0,On Time
T000551,C0069,Jane Saelim,jane.saelim69@example.com,M,Khon Kaen,2026-04-03,2026-04-03 19:00:00,Sports,6,618.74,0.0,2092.5,PromptPay,Processing,N,False,False,False,False,04/03/2026,RESOLVED_BY_LOAD_TS (MM/DD/YYYY),False,Jane Saelim,False,3712.44,0.0,False,False,False,False,3712.44,True,True,19.0,On Time
T000581,C0165,Nont Thongdee,nont.thongdee165@example.com,F,Nakhon Ratchasima,2026-02-18,2026-02-18 09:00:00,Home,1,219.66,0.1,197.69,PromptPay,Completed,N,False,False,False,False,2026-02-18,ISO_UNAMBIGUOUS,False,Nont Thongdee,False,197.69,0.0,False,False,False,False,197.69,False,False,9.0,On Time
T000521,C0022,Film Kittikul,film.kittikul22@example.com,F,Nakhon Ratchasima,2026-02-19,2026-02-19 17:00:00,Electronics,1,244.3,0.2,195.44,Credit Card,Cancelled,N,False,False,False,False,2026-02-19,ISO_UNAMBIGUOUS,False,Film Kittikul,False,195.44,0.0,False,False,False,False,195.44,False,False,17.0,On Time
T000526,C0144,Gun Sukjai,gun.sukjai144@example.com,M,Phuket,2026-03-21,2026-03-21 17:00:00,Fashion,2,148.59,0.0,297.18,Cash on Delivery,Processing,N,False,False,False,False,03/21/2026,RESOLVED_BY_CALENDAR (MM/DD/YYYY),False,Gun Sukjai,False,297.18,0.0,False,False,False,False,297.18,False,False,17.0,On Time
T000343,C0130,Jane Srisawat,jane.srisawat130@example.com,F,Nakhon Ratchasima,2026-02-06,2026-02-06 07:00:00,Electronics,4,187.75,0.0,751.0,Credit Card,Completed,N,False,False,False,False,2026-02-06,ISO_UNAMBIGUOUS,False,Jane Srisawat,False,751.0,0.0,False,False,False,False,751.0,False,False,7.0,On Time
T000068,C0138,Mint Dechawat,mint.dechawat138@example.com,M,Khon Kaen,2026-01-29,2026-01-29 04:00:00,Electronics,1,73.56,0.0,73.56,Bank Transfer,Cancelled,N,False,False,False,False,2026-01-29,ISO_UNAMBIGUOUS,False,Mint Dechawat,False,73.56,0.0,False,False,False,False,73.56,False,False,4.0,On Time
T000512,C0171,Beam Lertprasert,beam.lertprasert171@example.com,F,Rayong,2026-04-13,2026-04-13 09:00:00,Beauty,4,84.31,0.0,337.24,Credit Card,Processing,N,False,False,False,False,04/13/2026,RESOLVED_BY_CALENDAR (MM/DD/YYYY),False,Beam Lertprasert,False,337.24,0.0,False,False,False,False,337.24,False,False,9.0,On Time
T000113,C0153,Nont Chaiyo,nont.chaiyo153@example.com,F,Chiang Mai,2026-03-28,2026-03-28 18:00:00,Electronics,5,180.46,0.15,766.96,Credit Card,Returned,N,False,False,False,False,2026-03-28,ISO_UNAMBIGUOUS,False,Nont Chaiyo,False,766.96,0.0,False,False,False,False,766.96,False,False,18.0,On Time
T000224,C0022,Film Kittikul,film.kittikul22@example.com,F,Nakhon Ratchasima,2026-01-05,2026-01-05 10:00:00,Fashion,1,87.31,0.05,82.94,Bank Transfer,Returned,N,False,False,False,False,2026-01-05,ISO_UNAMBIGUOUS,False,Film Kittikul,False,82.94,0.0,False,False,False,False,82.94,False,False,10.0,On Time
T000069,C0147,Film Chaiyo,film.chaiyo147@example.com,M,Chiang Mai,2026-06-04,2026-06-04 13:00:00,Food,4,380.85,0.2,1218.72,Credit Card,Processing,N,False,False,False,False,04-06-2026,RESOLVED_BY_LOAD_TS (DD/MM/YYYY),False,Film Chaiyo,False,1218.72,0.0,False,False,False,False,1218.72,False,False,13.0,On Time
T000078,C0120,Mook Boonmee,mook.boonmee120@example.com,M,Chonburi,2026-02-24,2026-02-24 16:00:00,Home,5,132.52,0.15,563.21,Bank Transfer,Cancelled,N,False,False,False,False,2026-02-24,ISO_UNAMBIGUOUS,False,Mook Boonmee,False,563.21,0.0,False,False,False,False,563.21,False,False,16.0,On Time
T000174,C0004,Tee Dechawat,tee.dechawat4@example.com,M,Bangkok,2026-04-30,2026-04-30 14:00:00,Beauty,3,382.84,0.0,1148.52,PromptPay,Processing,N,False,False,False,False,04/30/2026,RESOLVED_BY_CALENDAR (MM/DD/YYYY),False,Tee Dechawat,False,1148.52,0.0,False,False,False,False,1148.52,False,False,14.0,On Time
T000006,C0179,Jane Chaiyo,jane.chaiyo179@example.com,F,Chanthaburi,2026-06-29,2026-06-29 01:00:00,Fashion,4,119.57,0.15,283.5,Bank Transfer,Completed,N,False,False,False,False,29-06-2026,RESOLVED_BY_CALENDAR (DD/MM/YYYY),False,Jane Chaiyo,False,406.54,-123.04,True,False,False,False,283.5,False,False,1.0,On Time
T000154,C0025,Mook Srisawat,mook.srisawat25@example.com,M,Nakhon Ratchasima,2026-03-07,2026-03-07 17:00:00,Electronics,1,189.98,0.0,189.98,PromptPay,Returned,N,False,False,False,False,03/07/2026,RESOLVED_BY_LOAD_TS (MM/DD/YYYY),False,Mook Srisawat,False,189.98,0.0,False,False,False,False,189.98,False,False,17.0,On Time
T000204,C0037,Jane Phromla,jane.phromla37@example.com,M,Chiang Mai,2026-05-05,2026-05-05 03:00:00,Beauty,2,411.88,0.1,741.38,Bank Transfer,Cancelled,N,False,False,False,False,2026-05-05,ISO_UNAMBIGUOUS,False,Jane Phromla,False,741.38,0.0,False,False,False,False,741.38,False,False,3.0,On Time
T000290,C0137,Film Boonmee,film.boonmee137@example.com,M,Khon Kaen,2026-01-18,2026-01-18 06:00:00,Home,3,473.43,0.0,1689.26,PromptPay,Processing,N,False,False,False,False,01/18/2026,RESOLVED_BY_CALENDAR (MM/DD/YYYY),False,Film Boonmee,False,1420.29,268.97,True,False,False,False,1689.26,False,False,6.0,On Time
T000595,C0046,Nont Boonmee,nont.boonmee46@example.com,F,Chiang Mai,2026-03-05,2026-03-05 04:00:00,Home,5,169.18,0.1,761.31,Cash on Delivery,Completed,N,False,False,False,False,03/05/2026,RESOLVED_BY_LOAD_TS (MM/DD/YYYY),False,Nont Boonmee,False,761.31,0.0,False,False,False,True,761.31,False,False,4.0,On Time
T000423,C0019,Korn Dechawat,korn.dechawat19@example.com,M,Nakhon Ratchasima,2026-01-09,2026-01-09 06:00:00,Food,1,337.51,0.0,337.51,Cash on Delivery,Cancelled,N,False,False,False,False,2026-01-09,ISO_UNAMBIGUOUS,False,Korn Dechawat,False,337.51,0.0,False,False,False,False,337.51,False,False,6.0,On Time
T000580,C0063,Korn Wongsa,korn.wongsa63@example.com,M,Bangkok,2026-05-12,2026-05-12 02:00:00,Home,1,170.82,0.0,170.82,PromptPay,Processing,N,False,False,False,False,12-05-2026,RESOLVED_BY_LOAD_TS (DD/MM/YYYY),False,Korn Wongsa,False,170.82,0.0,False,False,False,False,170.82,False,False,2.0,On Time
T000059,C0179,Jane Chaiyo,jane.chaiyo179@example.com,F,Chanthaburi,2026-05-26,2026-05-26 13:00:00,Home,2,317.87,0.1,789.88,Credit Card,Returned,N,False,False,False,False,26-05-2026,RESOLVED_BY_CALENDAR (DD/MM/YYYY),False,Jane Chaiyo,False,572.17,217.71,True,False,False,False,789.88,False,False,13.0,On Time
T000291,C0086,Korn Dechawat,korn.dechawat86@example.com,F,Nakhon Ratchasima,2026-01-09,2026-01-13 12:00:00,Beauty,3,66.91,0.05,190.69,Bank Transfer,Processing,N,False,False,False,False,2026-01-09,ISO_UNAMBIGUOUS,False,Korn Dechawat,False,190.69,0.0,False,False,False,False,190.69,False,False,108.0,Late
T000284,C0135,Korn Srisawat,korn.srisawat135@example.com,F,Bangkok,2026-04-05,2026-04-05 06:00:00,Fashion,5,230.27,0.0,1151.35,Credit Card,Returned,N,False,False,False,False,2026/04/05,ISO_UNAMBIGUOUS,False,Korn Srisawat,False,1151.35,0.0,False,False,False,False,1151.35,False,False,6.0,On Time
T000046,C0149,May Pattanakul,may.pattanakul149@example.com,F,Chiang Mai,2026-04-20,2026-04-20 04:00:00,Fashion,5,318.51,0.0,1592.55,Bank Transfer,Cancelled,N,False,False,False,False,20/04/2026,RESOLVED_BY_CALENDAR (DD/MM/YYYY),False,May Pattanakul,False,1592.55,0.0,False,False,False,False,1592.55,False,False,4.0,On Time
T000198,C0114,Ploy Thongdee,ploy.thongdee114@example.com,M,Nakhon Ratchasima,2026-03-13,2026-03-13 17:00:00,Electronics,6,185.56,0.0,1113.36,PromptPay,Completed,N,False,False,False,False,2026-03-13,ISO_UNAMBIGUOUS,False,Ploy Thongdee,False,1113.36,0.0,False,False,False,False,1113.36,False,False,17.0,On Time
T000294,C0011,Mint Rattanakul,mint.rattanakul11@example.com,F,Chanthaburi,2026-06-14,2026-06-14 06:00:00,Sports,1,339.66,0.0,339.66,Credit Card,Completed,N,False,False,False,False,2026-06-14,ISO_UNAMBIGUOUS,False,Mint Rattanakul,False,339.66,0.0,False,False,False,False,339.66,False,False,6.0,On Time
T000323,C0114,Ploy Thongdee,ploy.thongdee114@example.com,M,Nakhon Ratchasima,2026-06-14,2026-06-14 09:00:00,Beauty,5,64.65,0.1,290.93,Bank Transfer,Completed,N,False,False,False,False,2026-06-14,ISO_UNAMBIGUOUS,False,Ploy Thongdee,False,290.92,0.01,False,False,False,False,290.93,False,False,9.0,On Time
T000120,C0021,May Boonmee,may.boonmee21@example.com,F,Nakhon Ratchasima,2026-05-13,2026-05-13 14:00:00,Beauty,6,260.0,0.0,1560.0,PromptPay,Returned,N,False,False,False,False,05/13/2026,RESOLVED_BY_CALENDAR (MM/DD/YYYY),False,May Boonmee,False,1560.0,0.0,False,False,False,False,1560.0,False,False,14.0,On Time
T000345,C0079,Mook Srisawat,mook.srisawat79@example.com,F,Chanthaburi,2026-06-29,2026-06-29 04:00:00,Sports,5,294.59,0.0,1472.95,Bank Transfer,Returned,N,False,False,False,False,29/06/2026,RESOLVED_BY_CALENDAR (DD/MM/YYYY),False,Mook Srisawat,False,1472.95,0.0,False,False,False,False,1472.95,False,False,4.0,On Time
T000541,C0021,May Boonmee,may.boonmee21@example.com,F,Nakhon Ratchasima,2026-03-26,2026-03-26 04:00:00,Food,3,214.9,0.0,644.7,Credit Card,Processing,N,False,True,False,True,26-03-2026,RESOLVED_BY_CALENDAR (DD/MM/YYYY),False,May Boonmee,False,644.7,0.0,False,False,False,False,644.7,False,False,4.0,On Time
T000395,C0093,Bank Thongdee,bank.thongdee93@example.com,F,Khon Kaen,2026-02-05,2026-02-05 09:00:00,Beauty,5,362.09,0.0,1810.45,Cash on Delivery,Cancelled,N,False,False,False,False,2026-02-05,ISO_UNAMBIGUOUS,False,Bank Thongdee,False,1810.45,0.0,False,False,False,False,1810.45,False,False,9.0,On Time
T000028,C0178,Anan Wongsa,anan.wongsa178@example.com,M,Khon Kaen,2026-01-28,2026-01-28 02:00:00,Fashion,5,86.54,0.0,432.7,Cash on Delivery,Processing,N,True,False,True,False,01/28/2026,RESOLVED_BY_CALENDAR (MM/DD/YYYY),False,Anan Wongsa,False,432.7,0.0,False,False,False,False,432.7,False,False,2.0,On Time
T000392,C0077,Tee Chaiyo,tee.chaiyo77@example.com,F,Khon Kaen,2026-06-26,2026-06-26 16:00:00,Electronics,5,539.43,0.1,2092.5,Bank Transfer,Cancelled,N,False,False,False,False,06/26/2026,RESOLVED_BY_CALENDAR (MM/DD/YYYY),False,Tee Chaiyo,False,2427.44,-0.01,False,False,False,False,2427.43,True,True,16.0,On Time
T000086,C0143,Korn Srisawat,korn.srisawat143@example.com,M,Rayong,2026-05-05,2026-05-05 10:00:00,Home,3,161.21,0.1,435.27,PromptPay,Processing,N,False,False,False,False,2026-05-05,ISO_UNAMBIGUOUS,False,Korn Srisawat,False,435.27,0.0,False,False,False,False,435.27,False,False,10.0,On Time
T000500,C0125,May Lertprasert,may.lertprasert125@example.com,F,Rayong,2026-02-23,2026-02-23 19:00:00,Fashion,3,184.24,0.1,497.45,Credit Card,Processing,N,True,False,True,False,2026-02-23,ISO_UNAMBIGUOUS,False,May Lertprasert,False,497.45,0.0,False,False,False,False,497.45,False,False,19.0,On Time
T000546,C0161,Gun Saelim,gun.saelim161@example.com,F,Khon Kaen,2026-02-17,2026-02-17 14:00:00,Electronics,3,154.41,0.0,463.23,PromptPay,Processing,N,False,False,False,False,02/17/2026,RESOLVED_BY_CALENDAR (MM/DD/YYYY),False,Gun Saelim,False,463.23,0.0,False,False,False,False,463.23,False,False,14.0,On Time
T000279,C0074,Ice Kittikul,ice.kittikul74@example.com,M,Chonburi,2026-05-05,2026-05-05 16:00:00,Home,4,104.9,0.1,377.64,Bank Transfer,Completed,N,False,False,False,False,05/05/2026,IDENTICAL_EITHER_WAY,False,Ice Kittikul,False,377.64,0.0,False,False,False,False,377.64,False,False,16.0,On Time
T000499,C0093,Bank Thongdee,bank.thongdee93@example.com,F,Khon Kaen,2026-04-03,2026-04-03 10:00:00,Fashion,1,467.98,0.05,444.58,Credit Card,Processing,N,False,False,False,False,04/03/2026,RESOLVED_BY_LOAD_TS (MM/DD/YYYY),False,Bank Thongdee,False,444.58,0.0,False,False,False,False,444.58,False,False,10.0,On Time
T000475,C0173,Tee Wongsa,tee.wongsa173@example.com,M,Phuket,2026-03-31,2026-03-31 19:00:00,Electronics,5,144.45,0.0,722.25,Credit Card,Processing,N,False,False,False,False,31/03/2026,RESOLVED_BY_CALENDAR (DD/MM/YYYY),False,Tee Wongsa,False,722.25,0.0,False,False,False,False,722.25,False,False,19.0,On Time
T000518,C0168,Aom Saelim,aom.saelim168@example.com,M,Khon Kaen,2026-06-23,2026-06-23 05:00:00,Beauty,2,264.86,0.05,503.23,Cash on Delivery,Cancelled,N,False,False,False,False,23-06-2026,RESOLVED_BY_CALENDAR (DD/MM/YYYY),False,Aom Saelim,False,503.23,0.0,False,False,False,False,503.23,False,False,5.0,On Time
T000587,C0019,Korn Dechawat,korn.dechawat19@example.com,M,Nakhon Ratchasima,2026-05-21,2026-05-25 14:00:00,Home,5,436.15,0.1,1962.67,Cash on Delivery,Returned,N,False,False,False,False,05/21/2026,RESOLVED_BY_CALENDAR (MM/DD/YYYY),False,Korn Dechawat,False,1962.68,-0.01,False,False,False,False,1962.67,False,False,110.0,Late
T000590,C0118,Jane Phromla,jane.phromla118@example.com,F,Chanthaburi,2026-05-01,2026-05-01 15:00:00,Home,5,295.4,0.0,1477.0,Credit Card,Returned,N,False,False,False,False,01/05/2026,RESOLVED_BY_LOAD_TS (DD/MM/YYYY),False,Jane Phromla,False,1477.0,0.0,False,False,False,False,1477.0,False,False,15.0,On Time
T000189,C0101,Boss Phromla,boss.phromla101@example.com,M,Bangkok,2026-05-29,2026-06-01 22:00:00,Fashion,5,237.69,0.0,1188.45,Cash on Delivery,Cancelled,N,False,False,False,False,2026-05-29,ISO_UNAMBIGUOUS,False,Boss Phromla,False,1188.45,0.0,False,False,False,False,1188.45,False,False,94.0,Late
T000049,C0102,Nont Saelim,nont.saelim102@example.com,M,Chanthaburi,2026-05-21,2026-05-21 16:00:00,Food,4,204.06,0.0,816.24,Cash on Delivery,Completed,N,False,False,False,False,2026-05-21,ISO_UNAMBIGUOUS,False,Nont Saelim,False,816.24,0.0,False,False,False,False,816.24,False,False,16.0,On Time
T900003,C0080,May Kittikul,may.kittikul80@example.com,F,Khon Kaen,2026-06-24,2026-06-24 07:00:00,Fashion,2,299.01,0.1,538.22,Cash on Delivery,Cancelled,N,False,False,False,False,24-06-2026,RESOLVED_BY_CALENDAR (DD/MM/YYYY),False,May Kittikul,False,538.22,0.0,False,False,False,False,538.22,False,False,7.0,On Time
T000363,C0165,Nont Thongdee,nont.thongdee165@example.com,F,Nakhon Ratchasima,2026-03-15,2026-03-15 11:00:00,Food,1,381.57,0.2,305.26,PromptPay,Processing,N,False,False,False,False,2026-03-15,ISO_UNAMBIGUOUS,False,Nont Thongdee,False,305.26,0.0,False,False,False,False,305.26,False,False,11.0,On Time
T000065,C0038,Boss Kittikul,boss.kittikul38@example.com,F,Nakhon Ratchasima,2026-03-20,2026-03-20 02:00:00,Home,1,101.63,0.1,91.47,Credit Card,Processing,N,False,False,False,False,20-03-2026,RESOLVED_BY_CALENDAR (DD/MM/YYYY),False,Boss Kittikul,False,91.47,0.0,False,False,False,False,91.47,False,False,2.0,On Time
T000588,C0010,Beam Sukjai,beam.sukjai10@example.com,M,Phuket,2026-03-26,2026-03-29 21:00:00,Fashion,1,475.37,0.05,451.6,PromptPay,Cancelled,N,False,False,False,False,03/26/2026,RESOLVED_BY_CALENDAR (MM/DD/YYYY),False,Beam Sukjai,False,451.6,0.0,False,False,False,False,451.6,False,False,93.0,Late
T000506,C0065,Pim Srisawat,pim.srisawat65@example.com,M,Nakhon Ratchasima,2026-04-14,2026-04-14 04:00:00,Electronics,1,348.38,0.0,348.38,PromptPay,Completed,N,False,False,False,False,2026-04-14,ISO_UNAMBIGUOUS,False,Pim Srisawat,False,348.38,0.0,False,False,False,False,348.38,False,False,4.0,On Time
T000362,C0075,Ice Maneerat,ice.maneerat75@example.com,F,Bangkok,2026-05-24,2026-05-24 02:00:00,Home,5,87.15,0.15,370.39,Bank Transfer,Returned,N,False,False,False,False,2026/05/24,ISO_UNAMBIGUOUS,False,Ice Maneerat,False,370.39,0.0,False,False,False,False,370.39,False,False,2.0,On Time
T000437,C0127,Fah Rattanakul,fah.rattanakul127@example.com,F,Rayong,2026-04-09,2026-04-09 01:00:00,Home,2,162.74,0.2,260.38,PromptPay,Cancelled,N,False,False,False,False,09-04-2026,RESOLVED_BY_LOAD_TS (DD/MM/YYYY),False,Fah Rattanakul,False,260.38,0.0,False,False,False,False,260.38,False,False,1.0,On Time
T000408,C0011,Mint Rattanakul,mint.rattanakul11@example.com,F,Chanthaburi,2026-01-09,2026-01-09 13:00:00,Food,1,156.72,0.1,141.05,PromptPay,Returned,Y,False,False,False,False,2026-01-09,ISO_UNAMBIGUOUS,False,Mint Rattanakul,False,141.05,0.0,False,False,False,False,141.05,False,False,13.0,On Time
T000381,C0122,Anan Wongsa,anan.wongsa122@example.com,M,Chanthaburi,2026-05-04,2026-05-04 10:00:00,Beauty,6,164.79,0.1,889.87,Cash on Delivery,Cancelled,N,False,False,False,False,2026/05/04,ISO_UNAMBIGUOUS,False,Anan Wongsa,False,889.87,0.0,False,False,False,False,889.87,False,False,10.0,On Time
T000418,C0012,Mint Pattanakul,mint.pattanakul12@example.com,M,Chiang Mai,2026-03-27,2026-03-27 03:00:00,Home,6,174.28,0.15,888.83,Credit Card,Cancelled,N,False,False,False,False,2026/03/27,ISO_UNAMBIGUOUS,False,Mint Pattanakul,False,888.83,0.0,False,False,False,False,888.83,False,False,3.0,On Time
T000311,C0136,Nont Kittikul,nont.kittikul136@example.com,F,Khon Kaen,2026-03-09,2026-03-09 05:00:00,Food,2,116.93,0.0,233.86,Cash on Delivery,Processing,N,False,False,False,False,2026-03-09,ISO_UNAMBIGUOUS,False,Nont Kittikul,False,233.86,0.0,False,False,False,False,233.86,False,False,5.0,On Time
T000596,C0119,Boss Khamdee,boss.khamdee119@example.com,M,Khon Kaen,2026-04-02,2026-04-02 11:00:00,Beauty,2,331.71,0.1,597.08,PromptPay,Cancelled,N,False,False,False,False,2026-04-02,ISO_UNAMBIGUOUS,False,Boss Khamdee,False,597.08,0.0,False,False,False,False,597.08,False,False,11.0,On Time
T000497,C0179,Jane Chaiyo,jane.chaiyo179@example.com,F,Chanthaburi,2026-01-31,2026-02-04 17:00:00,Electronics,6,57.74,0.05,329.12,Bank Transfer,Cancelled,N,False,False,False,False,31-01-2026,RESOLVED_BY_CALENDAR (DD/MM/YYYY),False,Jane Chaiyo,False,329.12,0.0,False,False,False,False,329.12,False,False,113.0,Late
T000283,C0167,Anan Sukjai,anan.sukjai167@example.com,M,Nakhon Ratchasima,2026-06-03,2026-06-03 11:00:00,Sports,2,216.73,0.0,433.46,Bank Transfer,Returned,N,False,False,False,False,03/06/2026,RESOLVED_BY_LOAD_TS (DD/MM/YYYY),False,Anan Sukjai,False,433.46,0.0,False,False,False,False,433.46,False,False,11.0,On Time
T000208,C0158,Nont Kittikul,nont.kittikul158@example.com,M,Nakhon Ratchasima,2026-02-24,2026-02-24 01:00:00,Beauty,4,188.46,0.0,753.84,PromptPay,Cancelled,N,False,False,False,False,2026-02-24,ISO_UNAMBIGUOUS,False,Nont Kittikul,False,753.84,0.0,False,False,False,True,753.84,False,False,1.0,On Time
T000177,C0137,Film Boonmee,film.boonmee137@example.com,M,Khon Kaen,2026-01-23,2026-01-23 11:00:00,Electronics,3,318.69,0.05,908.27,Bank Transfer,Processing,N,False,False,False,False,2026-01-23,ISO_UNAMBIGUOUS,False,Film Boonmee,False,908.27,0.0,False,False,False,False,908.27,False,False,11.0,On Time
T000138,C0086,Korn Dechawat,korn.dechawat86@example.com,F,Nakhon Ratchasima,2026-01-17,2026-01-17 10:00:00,Home,2,250.5,0.1,450.9,PromptPay,Cancelled,N,False,False,False,False,2026-01-17,ISO_UNAMBIGUOUS,False,Korn Dechawat,False,450.9,0.0,False,False,False,False,450.9,False,False,10.0,On Time
T000280,C0022,Film Kittikul,film.kittikul22@example.com,F,Nakhon Ratchasima,2026-01-20,2026-01-20 12:00:00,Food,6,493.6,0.1,2092.5,Credit Card,Returned,N,False,False,False,False,2026/01/20,ISO_UNAMBIGUOUS,False,Film Kittikul,False,2665.44,0.0,False,False,False,False,2665.44,True,True,12.0,On Time
T000364,C0065,Pim Srisawat,pim.srisawat65@example.com,M,Nakhon Ratchasima,2026-04-12,2026-04-12 18:00:00,Home,6,367.07,0.1,1982.18,PromptPay,Completed,N,False,False,False,False,04/12/2026,RESOLVED_BY_LOAD_TS (MM/DD/YYYY),False,Pim Srisawat,False,1982.18,0.0,False,False,False,False,1982.18,False,False,18.0,On Time
T000573,C0032,Bank Dechawat,bank.dechawat32@example.com,F,Nakhon Ratchasima,2026-04-18,2026-04-18 17:00:00,Electronics,3,251.69,0.0,755.07,Cash on Delivery,Cancelled,N,False,False,False,False,04/18/2026,RESOLVED_BY_CALENDAR (MM/DD/YYYY),False,Bank Dechawat,False,755.07,0.0,False,False,False,False,755.07,False,False,17.0,On Time
T000254,C0020,New Chaiyo,new.chaiyo20@example.com,M,Phuket,2026-05-09,2026-05-09 19:00:00,Sports,1,142.09,0.0,0.0,Cash on Delivery,Cancelled,N,False,False,False,False,2026-05-09,ISO_UNAMBIGUOUS,False,New Chaiyo,False,142.09,-142.09,True,False,False,False,0.0,False,False,19.0,On Time
T000348,C0086,Korn Dechawat,korn.dechawat86@example.com,F,Nakhon Ratchasima,2026-02-11,2026-02-11 12:00:00,Beauty,4,137.96,0.1,496.66,Bank Transfer,Processing,N,False,False,False,False,02/11/2026,RESOLVED_BY_LOAD_TS (MM/DD/YYYY),False,Korn Dechawat,False,496.66,0.0,False,False,False,False,496.66,False,False,12.0,On Time
T000002,C0145,Tee Srisawat,tee.srisawat145@example.com,M,Nakhon Ratchasima,2026-06-28,2026-06-28 16:00:00,Sports,5,219.02,0.0,1095.1,Credit Card,Returned,N,False,False,False,False,06/28/2026,RESOLVED_BY_CALENDAR (MM/DD/YYYY),False,Tee Srisawat,False,1095.1,0.0,False,False,False,False,1095.1,False,False,16.0,On Time
T000299,C0075,Ice Maneerat,ice.maneerat75@example.com,F,Bangkok,2026-01-21,2026-01-21 10:00:00,Electronics,5,180.3,0.0,901.5,Bank Transfer,Returned,N,True,False,True,False,21-01-2026,RESOLVED_BY_CALENDAR (DD/MM/YYYY),False,Ice Maneerat,False,901.5,0.0,False,False,False,False,901.5,False,False,10.0,On Time
T000309,C0005,Ploy Chaiyo,ploy.chaiyo5@example.com,F,Bangkok,2026-06-26,2026-06-26 17:00:00,Electronics,2,159.61,0.15,271.34,PromptPay,Processing,N,False,False,False,False,2026-06-26,ISO_UNAMBIGUOUS,False,Ploy Chaiyo,False,271.34,0.0,False,False,False,False,271.34,False,False,17.0,On Time
T900002,C0098,Film Lertprasert,film.lertprasert98@example.com,F,Khon Kaen,2026-03-31,2026-03-31 17:00:00,Food,1,143.03,0.2,114.42,Cash on Delivery,Completed,N,False,False,False,False,2026-03-31,ISO_UNAMBIGUOUS,False,Film Lertprasert,False,114.42,0.0,False,False,False,True,114.42,False,False,17.0,On Time
T000370,C0141,Korn Phromla,korn.phromla141@example.com,M,Khon Kaen,2026-04-06,2026-04-06 18:00:00,Sports,6,204.06,0.0,2092.5,Bank Transfer,Cancelled,N,False,False,False,False,2026-04-06,ISO_UNAMBIGUOUS,False,Korn Phromla,False,1224.36,887663.64,True,False,True,False,888888.0,True,True,18.0,On Time
T000232,C0025,Mook Srisawat,mook.srisawat25@example.com,M,Nakhon Ratchasima,2026-03-18,2026-03-18 14:00:00,Fashion,2,354.79,0.1,638.62,PromptPay,Processing,N,False,False,False,False,18-03-2026,RESOLVED_BY_CALENDAR (DD/MM/YYYY),False,Mook Srisawat,False,638.62,0.0,False,False,False,False,638.62,False,False,14.0,On Time
T000302,C0067,May Pattanakul,may.pattanakul67@example.com,M,Chonburi,2026-06-15,2026-06-17 23:00:00,Food,1,232.83,0.0,281.25,PromptPay,Returned,N,False,False,False,False,2026-06-15,ISO_UNAMBIGUOUS,False,May Pattanakul,False,232.83,48.42,True,False,False,False,281.25,False,False,71.0,Late
T000029,C0117,Mint Phromla,mint.phromla117@example.com,F,Nakhon Ratchasima,2026-06-20,2026-06-20 16:00:00,Sports,2,154.63,0.15,262.87,Credit Card,Cancelled,N,False,False,False,False,06/20/2026,RESOLVED_BY_CALENDAR (MM/DD/YYYY),False,Mint Phromla,False,262.87,0.0,False,False,False,False,262.87,False,False,16.0,On Time
T000420,C0021,May Boonmee,may.boonmee21@example.com,F,Nakhon Ratchasima,2026-03-12,2026-03-12 06:00:00,Fashion,1,157.46,0.0,157.46,Cash on Delivery,Returned,N,False,False,False,False,2026-03-12,ISO_UNAMBIGUOUS,False,May Boonmee,False,157.46,0.0,False,False,False,False,157.46,False,False,6.0,On Time
T000216,C0061,Tee Maneerat,tee.maneerat61@example.com,M,Chiang Mai,2026-05-05,2026-05-05 19:00:00,Fashion,3,319.14,0.0,957.42,Cash on Delivery,Returned,N,False,False,False,False,2026/05/05,ISO_UNAMBIGUOUS,False,Tee Maneerat,False,957.42,0.0,False,False,False,False,957.42,False,False,19.0,On Time
T000545,C0122,Anan Wongsa,anan.wongsa122@example.com,M,Chanthaburi,2026-01-24,2026-01-24 10:00:00,Home,2,348.29,0.2,557.26,Bank Transfer,Processing,N,False,False,False,False,not_a_date,IMPUTED_FROM_LOAD_TS,True,Anan Wongsa,False,557.26,0.0,False,False,False,False,557.26,False,False,10.0,On Time
T000448,C0150,Mook Chaiyo,mook.chaiyo150@example.com,F,Chiang Mai,2026-01-25,2026-01-25 12:00:00,Sports,6,279.22,0.0,1675.32,PromptPay,Processing,N,True,False,True,False,2026-01-25,ISO_UNAMBIGUOUS,False,Mook Chaiyo,False,1675.32,0.0,False,False,False,False,1675.32,False,False,12.0,On Time
T000576,C0069,Jane Saelim,jane.saelim69@example.com,M,Khon Kaen,2026-06-09,2026-06-09 17:00:00,Beauty,2,140.01,0.1,252.02,Bank Transfer,Processing,N,False,False,False,False,2026/06/09,ISO_UNAMBIGUOUS,False,Jane Saelim,False,252.02,0.0,False,False,False,False,252.02,False,False,17.0,On Time
T000365,C0150,Mook Chaiyo,mook.chaiyo150@example.com,F,Unknown,2026-01-13,2026-01-13 13:00:00,Electronics,2,150.19,0.0,300.38,Bank Transfer,Completed,N,False,True,False,False,2026-01-13,ISO_UNAMBIGUOUS,False,Mook Chaiyo,False,300.38,0.0,False,False,False,False,300.38,False,False,13.0,On Time
T000575,C0136,Nont Kittikul,nont.kittikul136@example.com,F,Khon Kaen,2026-04-29,2026-04-29 10:00:00,Electronics,3,296.4,0.0,889.2,Credit Card,Completed,N,False,False,False,False,29/04/2026,RESOLVED_BY_CALENDAR (DD/MM/YYYY),False,Nont Kittikul,False,889.2,0.0,False,False,False,False,889.2,False,False,10.0,On Time
T000079,C0179,Jane Chaiyo,jane.chaiyo179@example.com,F,Chanthaburi,2026-04-19,2026-04-19 06:00:00,Food,4,276.71,0.0,1106.84,Credit Card,Processing,N,False,False,False,False,2026-04-19,ISO_UNAMBIGUOUS,False,Jane Chaiyo,False,1106.84,0.0,False,False,False,False,1106.84,False,False,6.0,On Time
T900006,C0086,Korn Dechawat,korn.dechawat86@example.com,F,Nakhon Ratchasima,2026-05-07,2026-05-07 08:00:00,Food,2,79.14,0.0,158.28,Credit Card,Processing,N,False,False,False,False,2026-05-07,ISO_UNAMBIGUOUS,False,Korn Dechawat,False,158.28,0.0,False,False,False,False,158.28,False,False,8.0,On Time
T000152,C0077,Tee Chaiyo,tee.chaiyo77@example.com,F,Khon Kaen,2026-05-07,2026-05-07 07:00:00,Fashion,2,170.61,0.0,341.22,PromptPay,Processing,N,False,False,False,False,2026-05-07,ISO_UNAMBIGUOUS,False,Tee Chaiyo,False,341.22,0.0,False,False,False,False,341.22,False,False,7.0,On Time
T000390,C0039,Beam Boonmee,beam.boonmee39@example.com,M,Rayong,2026-06-09,2026-06-09 13:00:00,Electronics,2,57.71,0.0,115.42,Bank Transfer,Returned,Y,False,False,False,False,06/09/2026,RESOLVED_BY_LOAD_TS (MM/DD/YYYY),False,Beam Boonmee,False,115.42,0.0,False,False,False,False,115.42,False,False,13.0,On Time
T000399,C0095,Tee Khamdee,tee.khamdee95@example.com,F,Khon Kaen,2026-04-06,2026-04-06 17:00:00,Fashion,5,78.12,0.05,371.07,Bank Transfer,Processing,N,False,False,False,False,04/06/2026,RESOLVED_BY_LOAD_TS (MM/DD/YYYY),False,Tee Khamdee,False,371.07,0.0,False,False,False,False,371.07,False,False,17.0,On Time
T000246,C0095,Tee Khamdee,tee.khamdee95@example.com,F,Khon Kaen,2026-06-19,2026-06-20 13:00:00,Beauty,2,85.54,0.0,171.08,PromptPay,Returned,N,False,False,False,False,2026/06/19,ISO_UNAMBIGUOUS,False,Tee Khamdee,False,171.08,0.0,False,False,False,False,171.08,False,False,37.0,Late
T000481,C0173,Tee Wongsa,tee.wongsa173@example.com,M,Phuket,2026-02-20,2026-02-20 15:00:00,Beauty,3,83.61,0.0,250.83,Credit Card,Returned,N,False,False,False,False,2026-02-20,ISO_UNAMBIGUOUS,False,Tee Wongsa,False,250.83,0.0,False,False,False,False,250.83,False,False,15.0,On Time
T000425,C0136,Nont Kittikul,nont.kittikul136@example.com,F,Khon Kaen,2026-02-05,2026-02-05 02:00:00,Fashion,1,140.75,0.1,126.67,Credit Card,Completed,N,False,False,False,False,02/05/2026,RESOLVED_BY_LOAD_TS (MM/DD/YYYY),False,Nont Kittikul,False,126.68,-0.01,False,False,False,False,126.67,False,False,2.0,On Time
T000568,C0062,Beam Rattanakul,beam.rattanakul62@example.com,M,Bangkok,2026-06-06,2026-06-06 12:00:00,Home,3,561.05,0.0,1683.15,PromptPay,Cancelled,Y,False,False,False,False,2026-06-06,ISO_UNAMBIGUOUS,False,Beam Rattanakul,False,1683.15,0.0,False,False,False,False,1683.15,False,False,12.0,On Time
T000303,C0174,Ploy Kittikul,ploy.kittikul174@example.com,M,Chiang Mai,2026-06-18,2026-06-18 17:00:00,Sports,5,412.56,0.05,1959.66,Bank Transfer,Completed,N,False,False,False,False,2026-06-18,ISO_UNAMBIGUOUS,False,Ploy Kittikul,False,1959.66,0.0,False,False,False,False,1959.66,False,False,17.0,On Time
T000447,C0071,Aom Sukjai,aom.sukjai71@example.com,M,Chanthaburi,2026-04-16,2026-04-16 14:00:00,Fashion,5,132.57,0.0,662.85,PromptPay,Cancelled,N,True,False,True,False,2026-04-16,ISO_UNAMBIGUOUS,False,Aom Sukjai,False,662.85,0.0,False,False,False,False,662.85,False,False,14.0,On Time
T000520,C0058,Anan Wongsa,anan.wongsa58@example.com,F,Khon Kaen,2026-03-08,2026-03-08 04:00:00,Fashion,4,107.84,0.1,388.22,Cash on Delivery,Cancelled,N,False,False,False,False,2026-03-08,ISO_UNAMBIGUOUS,False,Anan Wongsa,False,388.22,0.0,False,False,False,False,388.22,False,False,4.0,On Time
T000502,C0115,Korn Lertprasert,korn.lertprasert115@example.com,M,Phuket,2026-01-23,2026-01-23 17:00:00,Electronics,3,117.02,0.1,315.95,PromptPay,Returned,N,False,False,False,False,2026/01/23,ISO_UNAMBIGUOUS,False,Korn Lertprasert,False,315.95,0.0,False,False,False,False,315.95,False,False,17.0,On Time
T000007,C0170,Beam Boonmee,beam.boonmee170@example.com,M,Nakhon Ratchasima,2026-06-12,2026-06-12 14:00:00,Sports,1,298.64,0.1,268.78,PromptPay,Processing,N,False,False,False,False,2026-06-12,ISO_UNAMBIGUOUS,False,Beam Boonmee,False,268.78,0.0,False,False,False,False,268.78,False,False,14.0,On Time
T000019,C0057,Ploy Thongdee,ploy.thongdee57@example.com,F,Nakhon Ratchasima,2026-05-25,2026-05-25 08:00:00,Sports,6,188.1,0.0,1128.6,PromptPay,Completed,N,False,False,False,False,25/05/2026,RESOLVED_BY_CALENDAR (DD/MM/YYYY),False,Ploy Thongdee,False,1128.6,0.0,False,False,False,False,1128.6,False,False,8.0,On Time
T000098,C0080,May Kittikul,may.kittikul80@example.com,F,Khon Kaen,2026-05-28,2026-05-28 18:00:00,Food,2,113.89,0.2,182.22,Bank Transfer,Cancelled,N,False,False,False,False,2026-05-28,ISO_UNAMBIGUOUS,False,May Kittikul,False,182.22,0.0,False,False,False,False,182.22,False,False,18.0,On Time
T000446,C0040,Pim Srisawat,pim.srisawat40@example.com,M,Rayong,2026-05-02,2026-05-02 19:00:00,Sports,6,294.57,0.05,1679.05,Cash on Delivery,Completed,N,False,False,False,False,02/05/2026,RESOLVED_BY_LOAD_TS (DD/MM/YYYY),False,Pim Srisawat,False,1679.05,0.0,False,False,False,False,1679.05,False,False,19.0,On Time
T000251,C0160,Mint Kittikul,mint.kittikul160@example.com,F,Chiang Mai,2026-02-03,2026-02-03 09:00:00,Food,5,244.43,0.05,1161.04,Bank Transfer,Completed,N,False,False,False,False,2026-02-03,ISO_UNAMBIGUOUS,False,Mint Kittikul,False,1161.04,0.0,False,False,False,False,1161.04,False,False,9.0,On Time
T000316,C0032,Bank Dechawat,bank.dechawat32@example.com,F,Nakhon Ratchasima,2026-06-29,2026-06-29 10:00:00,Sports,5,71.54,0.15,304.05,PromptPay,Completed,N,False,False,False,False,29-06-2026,RESOLVED_BY_CALENDAR (DD/MM/YYYY),False,Bank Dechawat,False,304.04,0.01,False,False,False,False,304.05,False,False,10.0,On Time
T000341,C0158,Nont Kittikul,nont.kittikul158@example.com,M,Nakhon Ratchasima,2026-03-13,2026-03-13 02:00:00,Fashion,3,292.75,0.0,-500.0,Bank Transfer,Processing,N,False,False,False,False,13-03-2026,RESOLVED_BY_CALENDAR (DD/MM/YYYY),False,Nont Kittikul,False,878.25,-1378.25,True,True,False,False,-500.0,False,False,2.0,On Time
T000077,C0033,Pim Srisawat,pim.srisawat33@example.com,M,Rayong,2026-02-28,2026-02-28 03:00:00,Sports,3,281.35,0.1,759.65,PromptPay,Cancelled,N,False,False,False,False,28/02/2026,RESOLVED_BY_CALENDAR (DD/MM/YYYY),False,Pim Srisawat,False,759.65,0.0,False,False,False,False,759.65,False,False,3.0,On Time
T000221,C0053,Jane Pattanakul,jane.pattanakul53@example.com,M,Nakhon Ratchasima,2026-03-14,2026-03-14 03:00:00,Sports,2,147.43,0.1,265.37,PromptPay,Cancelled,N,False,False,False,False,03/14/2026,RESOLVED_BY_CALENDAR (MM/DD/YYYY),False,Jane Pattanakul,False,265.37,0.0,False,False,False,False,265.37,False,False,3.0,On Time
T000225,C0167,Anan Sukjai,anan.sukjai167@example.com,M,Nakhon Ratchasima,2026-02-15,2026-02-15 06:00:00,Electronics,6,294.78,0.2,1414.94,Bank Transfer,Completed,N,False,False,False,False,2026-02-15,ISO_UNAMBIGUOUS,False,Anan Sukjai,False,1414.94,0.0,False,False,False,False,1414.94,False,False,6.0,On Time
T000025,C0169,Boss Kittikul,boss.kittikul169@example.com,M,Nakhon Ratchasima,2026-03-10,2026-03-10 10:00:00,Fashion,4,189.68,0.0,758.72,Bank Transfer,Cancelled,N,False,False,False,False,2026-03-10,ISO_UNAMBIGUOUS,False,Boss Kittikul,False,758.72,0.0,False,False,False,False,758.72,False,False,10.0,On Time
T000009,C0143,Korn Srisawat,korn.srisawat143@example.com,M,Rayong,2026-01-10,2026-01-10 13:00:00,Home,3,98.02,0.0,294.06,PromptPay,Processing,N,False,False,False,False,10-01-2026,RESOLVED_BY_LOAD_TS (DD/MM/YYYY),False,Korn Srisawat,False,294.06,0.0,False,False,False,False,294.06,False,False,13.0,On Time
T900012,C0014,Beam Thongdee,beam.thongdee14@example.com,M,Chonburi,2026-01-28,2026-01-28 19:00:00,Fashion,1,379.52,0.0,379.52,PromptPay,Processing,N,False,False,False,False,2026-01-28,ISO_UNAMBIGUOUS,False,Beam Thongdee,False,379.52,0.0,False,False,False,False,379.52,False,False,19.0,On Time
T000244,C0179,Jane Chaiyo,jane.chaiyo179@example.com,F,Chanthaburi,2026-04-20,2026-04-20 08:00:00,Sports,1,199.42,0.1,179.48,Bank Transfer,Completed,N,False,False,False,False,2026-04-20,ISO_UNAMBIGUOUS,False,Jane Chaiyo,False,179.48,0.0,False,False,False,False,179.48,False,False,8.0,On Time
T000469,C0097,Ploy Boonmee,ploy.boonmee97@example.com,F,Chiang Mai,2026-03-27,2026-03-27 16:00:00,Sports,1,158.86,0.2,127.09,Credit Card,Cancelled,N,False,False,False,False,2026-03-27,ISO_UNAMBIGUOUS,False,Ploy Boonmee,False,127.09,0.0,False,False,False,False,127.09,False,False,16.0,On Time
T000567,C0063,Korn Wongsa,korn.wongsa63@example.com,M,Bangkok,2026-05-11,2026-05-11 12:00:00,Home,5,207.01,0.0,1035.05,Bank Transfer,Returned,N,False,False,False,False,2026/05/11,ISO_UNAMBIGUOUS,False,Korn Wongsa,False,1035.05,0.0,False,False,False,False,1035.05,False,False,12.0,On Time
T000451,C0054,Aom Wongsa,unknown_C0054@unknown.local,F,Nakhon Ratchasima,2026-03-25,2026-03-25 08:00:00,Beauty,1,224.69,0.05,213.46,Cash on Delivery,Completed,N,True,False,False,False,2026-03-25,ISO_UNAMBIGUOUS,False,Aom Wongsa,False,213.46,0.0,False,False,False,False,213.46,False,False,8.0,On Time
T000184,C0095,Tee Khamdee,tee.khamdee95@example.com,F,Khon Kaen,2026-05-06,2026-05-06 11:00:00,Home,1,343.06,0.05,325.91,PromptPay,Returned,N,False,False,False,False,2026-05-06,ISO_UNAMBIGUOUS,False,Tee Khamdee,False,325.91,0.0,False,False,False,False,325.91,False,False,11.0,On Time
T000122,C0147,Film Chaiyo,film.chaiyo147@example.com,M,Chiang Mai,2026-03-19,2026-03-19 06:00:00,Sports,4,129.76,0.1,467.14,Credit Card,Completed,N,False,False,False,False,2026/03/19,ISO_UNAMBIGUOUS,False,Film Chaiyo,False,467.14,0.0,False,False,False,False,467.14,False,False,6.0,On Time
T000112,C0131,Narin Rattanakul,narin.rattanakul131@example.com,F,Khon Kaen,2026-03-05,2026-03-05 10:00:00,Beauty,5,187.25,0.05,889.44,Credit Card,Processing,N,False,False,False,False,2026-03-05,ISO_UNAMBIGUOUS,False,Narin Rattanakul,False,889.44,0.0,False,False,False,False,889.44,False,False,10.0,On Time
T000021,C0104,May Srisawat,may.srisawat104@example.com,F,Chonburi,2026-03-26,2026-03-26 06:00:00,Home,2,67.73,0.0,167.76,PromptPay,Completed,N,False,False,False,False,2026-03-26,ISO_UNAMBIGUOUS,False,May Srisawat,False,135.46,32.3,True,False,False,False,167.76,False,False,6.0,On Time
T000266,C0027,Ploy Wongsa,ploy.wongsa27@example.com,M,Khon Kaen,2026-06-06,2026-06-06 07:00:00,Food,4,183.66,0.0,734.64,Cash on Delivery,Processing,N,False,False,False,False,2026-06-06,ISO_UNAMBIGUOUS,False,Ploy Wongsa,False,734.64,0.0,False,False,False,False,734.64,False,False,7.0,On Time
T000155,C0029,Aom Pattanakul,aom.pattanakul29@example.com,F,Bangkok,2026-01-08,2026-01-08 04:00:00,Food,5,253.14,0.05,1202.41,PromptPay,Completed,N,False,False,False,False,2026-01-08,ISO_UNAMBIGUOUS,False,Aom Pattanakul,False,1202.41,0.0,False,False,False,False,1202.41,False,False,4.0,On Time
T000115,C0138,Mint Dechawat,mint.dechawat138@example.com,M,Khon Kaen,2026-02-12,2026-02-12 05:00:00,Fashion,5,213.87,0.1,962.41,Credit Card,Processing,N,False,False,False,False,2026-02-12,ISO_UNAMBIGUOUS,False,Mint Dechawat,False,962.42,-0.01,False,False,False,False,962.41,False,False,5.0,On Time
T000457,C0026,Mook Wongsa,mook.wongsa26@example.com,M,Chiang Mai,2026-04-03,2026-04-03 10:00:00,Electronics,2,197.14,0.2,315.42,PromptPay,Cancelled,N,False,False,False,False,2026-04-03,ISO_UNAMBIGUOUS,False,Mook Wongsa,False,315.42,0.0,False,False,False,False,315.42,False,False,10.0,On Time
T000119,C0145,Tee Srisawat,tee.srisawat145@example.com,M,Nakhon Ratchasima,2026-03-23,2026-03-23 18:00:00,Food,1,547.71,0.05,520.32,Cash on Delivery,Completed,N,False,False,False,False,23/03/2026,RESOLVED_BY_CALENDAR (DD/MM/YYYY),False,Tee Srisawat,False,520.32,0.0,False,False,False,False,520.32,False,False,18.0,On Time
T000052,C0162,Aom Dechawat,aom.dechawat162@example.com,M,Rayong,2026-04-04,2026-04-04 12:00:00,Sports,1,237.94,0.2,190.35,PromptPay,Processing,N,False,False,False,False,2026-04-04,ISO_UNAMBIGUOUS,False,Aom Dechawat,False,190.35,0.0,False,False,False,False,190.35,False,False,12.0,On Time
T000508,C0123,Ploy Khamdee,ploy.khamdee123@example.com,F,Chanthaburi,2026-02-04,2026-02-04 09:00:00,Fashion,5,175.79,0.1,791.05,PromptPay,Cancelled,N,False,False,False,False,04/02/2026,RESOLVED_BY_LOAD_TS (DD/MM/YYYY),False,Ploy Khamdee,False,791.06,-0.01,False,False,False,False,791.05,False,False,9.0,On Time
T000260,C0149,May Pattanakul,may.pattanakul149@example.com,F,Chiang Mai,2026-03-16,2026-03-16 16:00:00,Electronics,2,90.53,0.05,172.01,Bank Transfer,Cancelled,N,True,False,True,False,2026-03-16,ISO_UNAMBIGUOUS,False,May Pattanakul,False,172.01,0.0,False,False,False,False,172.01,False,False,16.0,On Time
T000018,C0021,May Boonmee,may.boonmee21@example.com,F,Nakhon Ratchasima,2026-01-29,2026-02-02 12:00:00,Beauty,1,153.32,0.0,153.32,PromptPay,Processing,N,False,False,False,False,2026-01-29,ISO_UNAMBIGUOUS,False,May Boonmee,False,153.32,0.0,False,False,False,False,153.32,False,False,108.0,Late
T000452,C0128,Ploy Khamdee,ploy.khamdee128@example.com,M,Bangkok,2026-04-10,2026-04-10 09:00:00,Sports,2,108.66,0.2,173.86,Bank Transfer,Cancelled,N,False,False,False,False,04/10/2026,RESOLVED_BY_LOAD_TS (MM/DD/YYYY),False,Ploy Khamdee,False,173.86,0.0,False,False,False,False,173.86,False,False,9.0,On Time
T000340,C0114,Ploy Thongdee,ploy.thongdee114@example.com,M,Nakhon Ratchasima,2026-06-28,2026-06-28 04:00:00,Electronics,1,130.5,0.05,123.97,Cash on Delivery,Cancelled,N,False,False,False,False,2026/06/28,ISO_UNAMBIGUOUS,False,Ploy Thongdee,False,123.98,-0.01,False,False,False,False,123.97,False,False,4.0,On Time
T000144,C0077,Tee Chaiyo,tee.chaiyo77@example.com,F,Khon Kaen,2026-02-10,2026-02-10 01:00:00,Food,5,108.19,0.15,488.52,PromptPay,Cancelled,N,False,False,False,False,2026-02-10,ISO_UNAMBIGUOUS,False,Tee Chaiyo,False,459.81,28.71,True,False,False,False,488.52,False,False,1.0,On Time
T000100,C0040,Pim Srisawat,pim.srisawat40@example.com,M,Rayong,2026-05-11,2026-05-11 05:00:00,Electronics,4,85.92,0.1,309.31,Bank Transfer,Processing,N,False,False,False,False,11/05/2026,RESOLVED_BY_LOAD_TS (DD/MM/YYYY),False,Pim Srisawat,False,309.31,0.0,False,False,False,False,309.31,False,False,5.0,On Time
T000084,C0108,Anan Khamdee,anan.khamdee108@example.com,M,Nakhon Ratchasima,2026-04-03,2026-04-03 15:00:00,Sports,4,168.16,0.2,538.11,Credit Card,Processing,N,False,False,False,False,03/04/2026,RESOLVED_BY_LOAD_TS (DD/MM/YYYY),False,Anan Khamdee,False,538.11,0.0,False,False,False,False,538.11,False,False,15.0,On Time
T000449,C0063,Korn Wongsa,korn.wongsa63@example.com,M,Bangkok,2026-06-07,2026-06-07 12:00:00,Food,5,417.06,0.0,2085.3,PromptPay,Completed,N,True,False,True,False,07-06-2026,RESOLVED_BY_LOAD_TS (DD/MM/YYYY),False,Korn Wongsa,False,2085.3,0.0,False,False,False,False,2085.3,False,False,12.0,On Time
T900009,C0120,Mook Boonmee,mook.boonmee120@example.com,M,Chonburi,2026-04-03,2026-04-03 17:00:00,Electronics,5,298.23,0.0,1491.15,Bank Transfer,Cancelled,N,False,False,False,False,04/03/2026,RESOLVED_BY_LOAD_TS (MM/DD/YYYY),False,Mook Boonmee,False,1491.15,0.0,False,False,False,False,1491.15,False,False,17.0,On Time
T000061,C0006,Pim Khamdee,pim.khamdee6@example.com,M,Nakhon Ratchasima,2026-03-20,2026-03-20 01:00:00,Beauty,1,104.93,0.1,94.44,Cash on Delivery,Cancelled,N,False,False,False,False,03/20/2026,RESOLVED_BY_CALENDAR (MM/DD/YYYY),False,Pim Khamdee,False,94.44,0.0,False,False,False,False,94.44,False,False,1.0,On Time
T000371,C0179,Jane Chaiyo,jane.chaiyo179@example.com,F,Chanthaburi,2026-03-05,2026-03-05 12:00:00,Food,1,437.21,0.1,393.49,PromptPay,Completed,N,False,False,False,False,03/05/2026,RESOLVED_BY_LOAD_TS (MM/DD/YYYY),False,Jane Chaiyo,False,393.49,0.0,False,False,False,False,393.49,False,False,12.0,On Time
T000207,C0057,Ploy Thongdee,ploy.thongdee57@example.com,F,Nakhon Ratchasima,2026-05-29,2026-05-29 05:00:00,Fashion,2,334.28,0.0,668.56,Credit Card,Processing,N,False,False,False,False,05/29/2026,RESOLVED_BY_CALENDAR (MM/DD/YYYY),False,Ploy Thongdee,False,668.56,0.0,False,False,False,False,668.56,False,False,5.0,On Time
T000126,C0032,Bank Dechawat,bank.dechawat32@example.com,F,Nakhon Ratchasima,2026-01-18,2026-01-18 15:00:00,Home,5,242.52,0.05,1151.97,PromptPay,Cancelled,N,True,False,True,False,01/18/2026,RESOLVED_BY_CALENDAR (MM/DD/YYYY),False,Bank Dechawat,False,1151.97,0.0,False,False,False,False,1151.97,False,False,15.0,On Time
T000248,C0113,Tee Dechawat,tee.dechawat113@example.com,M,Rayong,2026-03-04,2026-03-04 14:00:00,Electronics,6,92.21,0.1,497.93,Credit Card,Cancelled,N,False,False,False,False,2026/03/04,ISO_UNAMBIGUOUS,False,Tee Dechawat,False,497.93,0.0,False,False,False,False,497.93,False,False,14.0,On Time
T000187,C0056,Mint Maneerat,mint.maneerat56@example.com,M,Rayong,2026-02-26,2026-02-26 19:00:00,Sports,6,199.53,0.0,1197.18,PromptPay,Cancelled,N,False,False,False,False,2026-02-26,ISO_UNAMBIGUOUS,False,Mint Maneerat,False,1197.18,0.0,False,False,False,False,1197.18,False,False,19.0,On Time
T000238,C0177,Ice Lertprasert,ice.lertprasert177@example.com,M,Chiang Mai,2026-04-29,2026-05-01 03:00:00,Fashion,1,235.29,0.05,223.53,PromptPay,Returned,N,False,False,False,False,04/29/2026,RESOLVED_BY_CALENDAR (MM/DD/YYYY),False,Ice Lertprasert,False,223.53,0.0,False,False,False,False,223.53,False,False,51.0,Late
T000233,C0135,Korn Srisawat,korn.srisawat135@example.com,F,Bangkok,2026-06-26,2026-06-26 10:00:00,Beauty,2,94.94,0.0,189.88,Credit Card,Cancelled,N,False,False,False,False,26/06/2026,RESOLVED_BY_CALENDAR (DD/MM/YYYY),False,Korn Srisawat,False,189.88,0.0,False,False,False,False,189.88,False,False,10.0,On Time
T000417,C0078,Nont Khamdee,nont.khamdee78@example.com,F,Bangkok,2026-01-21,2026-01-21 03:00:00,Food,6,218.27,0.05,1244.14,PromptPay,Returned,N,True,False,True,False,21-01-2026,RESOLVED_BY_CALENDAR (DD/MM/YYYY),False,Nont Khamdee,False,1244.14,0.0,False,False,False,False,1244.14,False,False,3.0,On Time
T000237,C0138,Mint Dechawat,mint.dechawat138@example.com,M,Khon Kaen,2026-02-09,2026-02-09 16:00:00,Electronics,4,187.97,0.2,601.5,Bank Transfer,Cancelled,N,False,False,False,False,09/02/2026,RESOLVED_BY_LOAD_TS (DD/MM/YYYY),False,Mint Dechawat,False,601.5,0.0,False,False,False,False,601.5,False,False,16.0,On Time
T000286,C0124,Aom Thongdee,aom.thongdee124@example.com,F,Khon Kaen,2026-06-07,2026-06-08 06:00:00,Sports,6,186.14,0.1,1005.16,Cash on Delivery,Returned,N,False,False,False,False,2026-06-07,ISO_UNAMBIGUOUS,False,Aom Thongdee,False,1005.16,0.0,False,False,False,False,1005.16,False,False,30.0,Late
T000200,C0052,Gun Dechawat,gun.dechawat52@example.com,F,Rayong,2026-01-19,2026-01-19 11:00:00,Food,6,117.92,0.0,707.52,PromptPay,Processing,N,False,False,False,False,2026-01-19,ISO_UNAMBIGUOUS,False,Gun Dechawat,False,707.52,0.0,False,False,False,False,707.52,False,False,11.0,On Time
T000572,C0023,Beam Boonmee,beam.boonmee23@example.com,M,Khon Kaen,2026-06-13,2026-06-13 02:00:00,Sports,3,70.4,0.0,211.2,Cash on Delivery,Processing,N,False,False,False,False,2026-06-13,ISO_UNAMBIGUOUS,False,Beam Boonmee,False,211.2,0.0,False,False,False,False,211.2,False,False,2.0,On Time
T000066,C0092,Tee Wongsa,tee.wongsa92@example.com,F,Chanthaburi,2026-04-04,2026-04-04 03:00:00,Fashion,6,354.08,0.1,1912.03,Cash on Delivery,Completed,N,False,False,False,False,2026-04-04,ISO_UNAMBIGUOUS,False,Tee Wongsa,False,1912.03,0.0,False,False,False,True,1912.03,False,False,3.0,On Time
T000474,C0149,May Pattanakul,may.pattanakul149@example.com,F,Chiang Mai,2026-04-03,2026-04-03 17:00:00,Fashion,2,218.01,0.1,392.42,Bank Transfer,Returned,N,False,False,False,False,31/02/2026,IMPUTED_FROM_LOAD_TS,True,May Pattanakul,False,392.42,0.0,False,False,False,False,392.42,False,False,17.0,On Time
T000159,C0088,Narin Sukjai,narin.sukjai88@example.com,F,Phuket,2026-04-06,2026-04-06 03:00:00,Electronics,6,115.72,0.0,6943.2,Bank Transfer,Completed,Y,False,False,False,False,2026-04-06,ISO_UNAMBIGUOUS,False,Narin Sukjai,False,694.32,6248.88,True,False,False,True,6943.2,True,False,3.0,On Time
T000472,C0098,Film Lertprasert,film.lertprasert98@example.com,F,Khon Kaen,2026-03-31,2026-03-31 17:00:00,Food,1,143.03,0.2,114.42,Cash on Delivery,Completed,N,False,False,False,False,2026-03-31,ISO_UNAMBIGUOUS,False,Film Lertprasert,False,114.42,0.0,False,False,False,True,114.42,False,False,17.0,On Time
T000026,C0156,Beam Kittikul,beam.kittikul156@example.com,M,Chanthaburi,2026-02-24,2026-02-24 02:00:00,Electronics,5,320.88,0.0,1091.24,Cash on Delivery,Cancelled,N,False,False,False,False,24/02/2026,RESOLVED_BY_CALENDAR (DD/MM/YYYY),False,Beam Kittikul,False,1604.4,-513.16,True,False,False,False,1091.24,False,False,2.0,On Time
T000089,C0127,Fah Rattanakul,fah.rattanakul127@example.com,F,Rayong,2026-03-24,2026-03-24 17:00:00,Beauty,2,111.37,0.1,200.47,Bank Transfer,Unknown,N,False,False,False,False,2026-03-24,ISO_UNAMBIGUOUS,False,Fah Rattanakul,False,200.47,0.0,False,False,False,True,200.47,False,False,17.0,On Time
T000080,C0145,Tee Srisawat,tee.srisawat145@example.com,M,Nakhon Ratchasima,2026-03-23,2026-03-23 15:00:00,Food,1,160.91,0.0,160.91,Credit Card,Processing,N,False,False,False,False,2026-03-23,ISO_UNAMBIGUOUS,False,Tee Srisawat,False,160.91,0.0,False,False,False,False,160.91,False,False,15.0,On Time
T000145,C0135,Korn Srisawat,korn.srisawat135@example.com,F,Bangkok,2026-01-22,2026-01-22 04:00:00,Fashion,5,344.72,0.05,1637.42,Bank Transfer,Completed,N,False,False,False,False,2026-01-22,ISO_UNAMBIGUOUS,False,Korn Srisawat,False,1637.42,0.0,False,False,False,False,1637.42,False,False,4.0,On Time
T000515,C0049,Gun Dechawat,gun.dechawat49@example.com,F,Nakhon Ratchasima,2026-01-19,2026-01-19 17:00:00,Food,6,165.59,0.0,993.54,Cash on Delivery,Returned,N,False,False,False,False,2026-01-19,ISO_UNAMBIGUOUS,False,Gun Dechawat,False,993.54,0.0,False,False,False,False,993.54,False,False,17.0,On Time
T000160,C0045,Boss Khamdee,boss.khamdee45@example.com,M,Phuket,2026-01-05,2026-01-05 09:00:00,Electronics,1,153.49,0.0,153.49,Credit Card,Completed,N,False,False,False,False,01/05/2026,RESOLVED_BY_LOAD_TS (MM/DD/YYYY),False,Boss Khamdee,False,153.49,0.0,False,False,False,False,153.49,False,False,9.0,On Time
T000062,C0158,Nont Kittikul,nont.kittikul158@example.com,M,Nakhon Ratchasima,2026-01-28,2026-01-28 07:00:00,Fashion,6,312.64,0.2,1500.67,Bank Transfer,Returned,N,False,False,False,False,2026-01-28,ISO_UNAMBIGUOUS,False,Nont Kittikul,False,1500.67,0.0,False,False,False,False,1500.67,False,False,7.0,On Time
T000436,C0076,Pim Phromla,pim.phromla76@example.com,M,Chanthaburi,2026-05-27,2026-05-27 02:00:00,Sports,5,120.63,0.0,603.15,Bank Transfer,Cancelled,N,False,False,False,False,2026-05-27,ISO_UNAMBIGUOUS,False,Pim Phromla,False,603.15,0.0,False,False,False,False,603.15,False,False,2.0,On Time
T000035,C0179,Jane Chaiyo,jane.chaiyo179@example.com,F,Chanthaburi,2026-03-14,2026-03-14 04:00:00,Electronics,5,555.97,0.0,2092.5,Credit Card,Completed,N,False,False,False,False,14-03-2026,RESOLVED_BY_CALENDAR (DD/MM/YYYY),False,Jane Chaiyo,False,2779.85,0.0,False,False,False,False,2779.85,True,True,4.0,On Time
T000281,C0171,Beam Lertprasert,beam.lertprasert171@example.com,F,Rayong,2026-04-04,2026-04-04 13:00:00,Sports,1,152.16,0.0,152.16,Credit Card,Cancelled,N,True,False,True,False,2026-04-04,ISO_UNAMBIGUOUS,False,Beam Lertprasert,False,152.16,0.0,False,False,False,False,152.16,False,False,13.0,On Time
T000304,C0103,Tee Phromla,tee.phromla103@example.com,F,Phuket,2026-01-20,2026-01-20 11:00:00,Fashion,5,87.61,0.0,438.05,PromptPay,Returned,N,False,False,False,False,2026-01-20,ISO_UNAMBIGUOUS,False,Tee Phromla,False,438.05,0.0,False,False,False,False,438.05,False,False,11.0,On Time
T000008,C0130,Jane Srisawat,jane.srisawat130@example.com,F,Nakhon Ratchasima,2026-05-25,2026-05-25 06:00:00,Sports,3,392.05,0.05,1117.34,PromptPay,Completed,N,False,False,False,False,2026-05-25,ISO_UNAMBIGUOUS,False,Jane Srisawat,False,1117.34,0.0,False,False,False,False,1117.34,False,False,6.0,On Time
T000110,C0130,Jane Srisawat,jane.srisawat130@example.com,F,Nakhon Ratchasima,2026-02-26,2026-02-26 06:00:00,Home,6,107.91,0.0,647.46,Cash on Delivery,Returned,N,False,False,False,False,2026-02-26,ISO_UNAMBIGUOUS,False,Jane Srisawat,False,647.46,0.0,False,False,False,False,647.46,False,False,6.0,On Time
T000261,C0170,Beam Boonmee,beam.boonmee170@example.com,M,Nakhon Ratchasima,2026-03-16,2026-03-16 09:00:00,Fashion,4,501.85,0.0,2007.4,PromptPay,Completed,N,False,False,False,False,2026-03-16,ISO_UNAMBIGUOUS,False,Beam Boonmee,False,2007.4,0.0,False,False,False,False,2007.4,False,False,9.0,On Time
T000167,C0122,Anan Wongsa,anan.wongsa122@example.com,M,Chanthaburi,2026-06-15,2026-06-15 05:00:00,Food,3,233.58,0.0,700.74,Credit Card,Processing,N,False,False,False,False,2026/06/15,ISO_UNAMBIGUOUS,False,Anan Wongsa,False,700.74,0.0,False,False,False,False,700.74,False,False,5.0,On Time
T000058,C0031,Ploy Rattanakul,ploy.rattanakul31@example.com,F,Chiang Mai,2026-02-21,2026-02-21 17:00:00,Sports,5,509.49,0.2,2037.96,Bank Transfer,Completed,N,True,False,True,False,2026-02-21,ISO_UNAMBIGUOUS,False,Ploy Rattanakul,False,2037.96,0.0,False,False,False,False,2037.96,False,False,17.0,On Time
T000252,C0009,Beam Sukjai,beam.sukjai9@example.com,M,Bangkok,2026-01-11,2026-01-14 04:00:00,Food,3,37.36,0.0,112.08,Credit Card,Completed,N,False,False,False,False,2026/01/11,ISO_UNAMBIGUOUS,False,Beam Sukjai,False,112.08,0.0,False,False,False,False,112.08,False,False,76.0,Late
T000372,C0094,Boss Srisawat,boss.srisawat94@example.com,M,Chiang Mai,2026-03-20,2026-03-20 05:00:00,Fashion,1,487.42,0.1,438.68,PromptPay,Completed,N,False,False,False,False,2026-03-20,ISO_UNAMBIGUOUS,False,Boss Srisawat,False,438.68,0.0,False,False,False,False,438.68,False,False,5.0,On Time
T000162,C0094,Boss Srisawat,boss.srisawat94@example.com,M,Chiang Mai,2026-05-16,2026-05-16 10:00:00,Sports,5,347.16,0.0,1735.8,PromptPay,Returned,N,True,False,True,False,2026-05-16,ISO_UNAMBIGUOUS,False,Boss Srisawat,False,1735.8,0.0,False,False,False,False,1735.8,False,False,10.0,On Time
T000168,C0057,Ploy Thongdee,ploy.thongdee57@example.com,F,Nakhon Ratchasima,2026-05-22,2026-05-22 01:00:00,Fashion,3,194.0,0.0,582.0,Credit Card,Processing,N,False,False,False,False,22-05-2026,RESOLVED_BY_CALENDAR (DD/MM/YYYY),False,Ploy Thongdee,False,582.0,0.0,False,False,False,False,582.0,False,False,1.0,On Time
T000453,C0147,Film Chaiyo,film.chaiyo147@example.com,M,Chiang Mai,2026-04-08,2026-04-08 01:00:00,Fashion,1,448.49,0.1,403.64,Cash on Delivery,Processing,N,True,False,True,False,08/04/2026,RESOLVED_BY_LOAD_TS (DD/MM/YYYY),False,Film Chaiyo,False,403.64,0.0,False,False,False,False,403.64,False,False,1.0,On Time
T000229,C0151,Mook Thongdee,mook.thongdee151@example.com,M,Bangkok,2026-05-10,2026-05-10 07:00:00,Home,1,313.84,0.0,313.84,Bank Transfer,Completed,N,False,False,False,False,05/10/2026,RESOLVED_BY_LOAD_TS (MM/DD/YYYY),False,Mook Thongdee,False,313.84,0.0,False,False,False,False,313.84,False,False,7.0,On Time
T000421,C0064,Ploy Thongdee,ploy.thongdee64@example.com,F,Phuket,2026-03-11,2026-03-11 12:00:00,Sports,3,315.62,0.1,852.17,Cash on Delivery,Returned,Y,False,True,False,True,2026/03/11,ISO_UNAMBIGUOUS,False,Ploy Thongdee,False,852.17,0.0,False,False,False,False,852.17,False,False,12.0,On Time
T000313,C0101,Boss Phromla,boss.phromla101@example.com,M,Bangkok,2026-06-06,2026-06-06 09:00:00,Food,6,166.55,0.1,899.37,Cash on Delivery,Completed,N,False,False,False,False,06/06/2026,IDENTICAL_EITHER_WAY,False,Boss Phromla,False,899.37,0.0,False,False,False,False,899.37,False,False,9.0,On Time
T000330,C0017,Mook Rattanakul,mook.rattanakul17@example.com,F,Khon Kaen,2026-02-26,2026-02-26 17:00:00,Electronics,4,233.7,0.05,888.06,PromptPay,Completed,N,False,False,False,False,26/02/2026,RESOLVED_BY_CALENDAR (DD/MM/YYYY),False,Mook Rattanakul,False,888.06,0.0,False,False,False,False,888.06,False,False,17.0,On Time
T000356,C0060,Tee Maneerat,tee.maneerat60@example.com,M,Rayong,2026-05-12,2026-05-12 15:00:00,Food,5,86.45,0.0,432.25,PromptPay,Completed,Y,False,False,False,False,2026-05-12,ISO_UNAMBIGUOUS,False,Tee Maneerat,False,432.25,0.0,False,False,False,False,432.25,False,False,15.0,On Time
T000268,C0045,Boss Khamdee,boss.khamdee45@example.com,M,Phuket,2026-03-30,2026-03-30 15:00:00,Fashion,6,137.69,0.15,702.22,Bank Transfer,Processing,N,False,False,False,False,2026-03-30,ISO_UNAMBIGUOUS,False,Boss Khamdee,False,702.22,0.0,False,False,False,False,702.22,False,False,15.0,On Time
T000329,C0078,Nont Khamdee,nont.khamdee78@example.com,F,Bangkok,2026-01-21,2026-01-21 09:00:00,Food,3,169.49,0.05,483.05,Bank Transfer,Processing,N,False,False,False,False,2026-01-21,ISO_UNAMBIGUOUS,False,Nont Khamdee,False,483.05,0.0,False,False,False,False,483.05,False,False,9.0,On Time
T000163,C0125,May Lertprasert,may.lertprasert125@example.com,F,Rayong,2026-05-01,2026-05-01 02:00:00,Fashion,3,392.06,0.1,1058.56,Credit Card,Completed,N,False,False,False,False,05/01/2026,RESOLVED_BY_LOAD_TS (MM/DD/YYYY),False,May Lertprasert,False,1058.56,0.0,False,False,False,False,1058.56,False,False,2.0,On Time
T000206,C0012,Mint Pattanakul,mint.pattanakul12@example.com,M,Chiang Mai,2026-02-21,2026-02-21 04:00:00,Beauty,3,476.62,0.0,1429.86,PromptPay,Processing,N,False,False,False,False,2026-02-21,ISO_UNAMBIGUOUS,False,Mint Pattanakul,False,1429.86,0.0,False,False,False,False,1429.86,False,False,4.0,On Time
T000274,C0002,Mint Thongdee,mint.thongdee2@example.com,F,Rayong,2026-03-12,2026-03-12 11:00:00,Electronics,4,211.21,0.1,760.36,PromptPay,Completed,N,False,False,False,False,2026-03-12,ISO_UNAMBIGUOUS,False,Mint Thongdee,False,760.36,0.0,False,False,False,False,760.36,False,False,11.0,On Time
T000161,C0048,Boss Dechawat,boss.dechawat48@example.com,F,Rayong,2026-02-15,2026-02-15 07:00:00,Food,1,230.89,0.2,184.71,Credit Card,Cancelled,N,False,False,False,False,2026-02-15,ISO_UNAMBIGUOUS,False,Boss Dechawat,False,184.71,0.0,False,False,False,False,184.71,False,False,7.0,On Time
T000020,C0095,Tee Khamdee,tee.khamdee95@example.com,F,Khon Kaen,2026-06-05,2026-06-05 16:00:00,Fashion,2,267.86,0.1,482.15,PromptPay,Processing,N,True,False,True,False,2026-06-05,ISO_UNAMBIGUOUS,False,Tee Khamdee,False,482.15,0.0,False,False,False,False,482.15,False,False,16.0,On Time
T000191,C0071,Aom Sukjai,aom.sukjai71@example.com,M,Chanthaburi,2026-03-26,2026-03-26 01:00:00,Sports,2,628.13,0.0,1256.26,PromptPay,Returned,N,False,False,False,False,2026-03-26,ISO_UNAMBIGUOUS,False,Aom Sukjai,False,1256.26,0.0,False,False,False,False,1256.26,False,False,1.0,On Time
T000530,C0083,Beam Srisawat,beam.srisawat83@example.com,M,Chiang Mai,2026-04-25,2026-04-25 16:00:00,Beauty,5,145.37,0.0,726.85,Bank Transfer,Completed,N,False,False,False,False,25/04/2026,RESOLVED_BY_CALENDAR (DD/MM/YYYY),False,Beam Srisawat,False,726.85,0.0,False,False,False,False,726.85,False,False,16.0,On Time
T000379,C0147,Film Chaiyo,film.chaiyo147@example.com,M,Chiang Mai,2026-03-25,2026-03-25 18:00:00,Sports,2,328.4,0.15,558.28,Credit Card,Completed,N,False,False,False,False,25/03/2026,RESOLVED_BY_CALENDAR (DD/MM/YYYY),False,Film Chaiyo,False,558.28,0.0,False,False,False,False,558.28,False,False,18.0,On Time
